Date;Credit Agricole;HSBC;DZ Bank;SG;Barclays;Deutsche Bank
40182;76.5;58;95;74.5;81.5;74.5
40183;72.5;57.5;95;72.5;80.5;78
40184;67.5;55.5;90;68.5;77.5;71.5
40185;68.5;55.5;90;68.5;75.5;70.5
40186;65.5;52.5;90;65.5;74;67.5
40187;;;;;;
40188;;;;;;
40189;60.5;51.5;90;60.5;72.5;67.5
40190;63.5;53.5;90;62.5;74.5;70.5
40191;66.5;56.5;90;66.5;81.5;71.5
40192;67.5;60.5;90;72;84.5;75.5
40193;73.5;61;90;73.5;90;79.5
40194;;;;;;
40195;;;;;;
40196;68.5;58.5;90;68.5;85.5;72.5
40197;65.5;56.5;90;65.5;86.5;75.5
40198;73;61;90;73;94.5;82.5
40199;72.5;60;90;71.5;94.5;84
40200;57.5;66.5;90;80;102;88
40201;;;;;;
40202;;;;;;
40203;74.5;64;90;74.5;95;81.5
40204;73;61.5;90;73;94;95
40205;79.5;64.5;90;78.5;95.5;83.5
40206;89;67.5;95;86;97.5;84.5
40207;95.5;70;95;87;95.5;88.5
40208;;;;;;
40209;;;;;;
40210;84.75;69;97;93;92.75;88
40211;87;70;97;84.5;87.5;85.5
40212;90;70.5;95;86.5;87.5;86.5
40213;105.5;78.5;100;99.5;105;91
40214;90.125;78.5;105;99.5;101.5;95
40215;;;;;;
40216;;;;;;
40217;108.5;83;105;102.5;89.5;100.5
40218;110;84.5;105;88;111;104
40219;100;80;100;97;101.5;92
40220;104.5;82.5;100;91;101.5;93.5
40221;109;94;102;104;116;99
40222;;;;;;
40223;;;;;;
40224;107.5;95.5;103;104.5;120.5;98.5
40225;117;92;105;88;117.5;100.5
40226;109.5;88.5;102;105.5;112.5;97.5
40227;109.5;87;102;103.5;108.5;96
40228;106.5;84;102;102.5;108;92
40229;;;;;;
40230;;;;;;
40231;103.5;81;100;99.5;104.5;91
40232;105.5;84;100;101.5;107;95.5
40233;106.5;86.5;100;106.5;108.5;96.5
40234;106.5;84.5;100;104.5;108.5;101.5
40235;102;83;100;100;104;96
40236;;;;;;
40237;;;;;;
40238;90.9;82;100;99;102;93.75
40239;98;77.5;100;94.5;80;88.5
40240;92;75.5;97;96;86.5;88.5
40241;100.087;75;97;88.5;84.5;92.5
40242;91.5;74.5;97;87.5;84.5;83.25
40243;;;;;;
40244;;;;;;
40245;81.5;69.5;95;82.5;79.5;102.75
40246;87;72.5;95;84;81.5;100
40247;84.5;66;95;80.5;78;80.5
40248;84.5;68;95;82.5;81.5;80.75
40249;83.5;68.5;95;81.5;80.5;83.5
40250;;;;;;
40251;;;;;;
40252;87;71;95;85;82.5;74.5
40253;85.5;68.5;95;82.5;83.5;86.5
40254;83.5;65.5;95;79.5;82;83.5
40255;84.5;66.5;95;82.5;84.5;84.5
40256;86.5;67.5;95;84.5;85.5;86.5
40257;;;;;;
40258;;;;;;
40259;89.5;69.5;95;100.03;94;99.85
40260;88.5;69.5;95;86.5;89;87.5
40261;99.65;65;90;100.87;99.625;85
40262;88.5;68;90;86.5;99.625;87.5
40263;87.5;66.5;90;84.5;87.5;86.5
40264;;;;;;
40265;;;;;;
40266;84.5;65;90;83.5;88.5;85.5
40267;83.5;65.5;89;81.5;84.5;84.5
40268;84.5;67.5;91;85;86.5;86.5
40269;85.5;65.5;91;84.5;87;86.5
40270;87.5;66;;84.5;99.5;
40271;;;;;;
40272;;;;;;
40273;;;;;;
40274;84.5;89;90;83.5;87.5;87.5
40275;89;67.5;90;87;89.5;102.625
40276;94;67.5;90;89;90;90
40277;91.5;67.5;90;87.5;88.5;90
40278;;;;;;
40279;;;;;;
40280;87;64;87;84;83;85.5
40281;85.5;63.5;87;82.5;82.5;84.5
40282;87.5;64;87;81.5;83.5;100.859
40283;88.5;63.5;87;83.5;84.5;82
40284;89.5;74.5;87;84.5;85.5;93.5
40285;;;;;;
40286;;;;;;
40287;94.5;66.5;87;90.5;93.5;99.5
40288;94.5;64.5;90;88.5;87.5;95.5
40289;97;66;95;90.5;94.5;103
40290;111.5;70.5;105;99;102.5;117.5
40291;100.419;82.5;105;100.799;100.7;100.09
40292;;;;;;
40293;;;;;;
40294;122;72.5;105;100.14;103.5;120.5
40295;133.5;75.5;115;117;112.5;130.5
40296;145;85;120;138;117.5;100
40297;137;78.5;120;123.5;107.5;110.5
40298;135;70;117;120;100;111.375
40299;;;;;;
40300;;;;;;
40301;137;77.5;;121.5;79.5;106
40302;155;80;125;140;110;138
40303;180;87;132;155;130;150
40304;;;;;;
40305;235;135;155;195;160;140
40306;;;;;;
40307;;;;;;
40308;151;115;125;135;130;145
40309;157;125;130;142;150;145
40310;137;110;120;125;108;122
40311;147;112.5;125;132;114;132
40312;163;122.5;130;100.534;100.577;100.05
40313;;;;;;
40314;;;;;;
40315;162.5;95;130;140.5;134;151.5
40316;166;117.5;130;143;95;147.5
40317;175;132;135;150;154;155
40318;180;104;140;155;165;167.5
40319;177;100;140;145;160;167
40320;;;;;;
40321;;;;;;
40322;180;103;140;157;162;170
40323;192;110;145;165;180;174
40324;186;104;150;159;173;175
40325;176;101.5;150;151;162.5;160
40326;173.5;98.5;150;143.5;155.5;161
40327;;;;;;
40328;;;;;;
40329;;;;;;
40330;183.5;108.5;150;153.5;167;155
40331;163;108.5;150;163.5;170;170
40332;183.5;105.5;145;158.5;164.5;166
40333;200;110.5;150;185;210.5;165
40334;;;;;;
40335;;;;;;
40336;209;111.5;155;195;180;185
40337;221;121.5;160;205;186;187
40338;195;115.5;155;182;171.5;189.5
40339;187;107.5;150;167;163.5;165
40340;170;103.5;140;161;160.5;150.125
40341;;;;;;
40342;;;;;;
40343;167;98;137;235;155;154
40344;165;99.5;135;154;157.5;150
40345;162;98.5;135;148.5;153.5;150.5
40346;154;91.5;130;141;140.5;137
40347;145;89.5;130;130;134.5;134.625
40348;;;;;;
40349;;;;;;
40350;135;86.5;120;122;111.725;125
40351;148;90.5;125;131;138.5;103
40352;149.5;92;130;100.309;149.5;120
40353;166;91;135;145;154;141.5
40354;166;91;135;149;155;141
40355;;;;;;
40356;;;;;;
40357;156.5;90;135;138.5;150;138.5
40358;165;92;140;152;156.5;146.5
40359;161;91;137;146;151;140
40360;155;91;140;142;153;143
40361;149;89;137;137;146;137
40362;;;;;;
40363;;;;;;
40364;145;88;132;135;146;135
40365;140;85;132;135;140;128
40366;144;86;135;132;138.5;131
40367;135;83;135;118;133;123
40368;123.5;81.5;130;111;127;116
40369;;;;;;
40370;;;;;;
40371;130;80;130;120;128;122
40372;145;83;120;120;128;120
40373;136.625;80.25;122;122.25;124;118
40374;133;81;125;122;134.5;128
40375;100.247;79.5;125;100.332;100.308;100.046
40376;;;;;;
40377;;;;;;
40378;138;83;128;127;125;123
40379;132;82.5;128;122;138.5;120
40380;136;81;126;123;135.5;117
40381;132.5;80;125;117.5;130.5;117.5
40382;129;78;122;116;126.5;112.5
40383;;;;;;
40384;;;;;;
40385;115;75;117;110;115;110
40386;110;71;110;97.5;108.5;126.5
40387;117.5;71;112;101.5;109;98
40388;116;67;115;100;109;101.5
40389;121;68;115;105;111.5;100.5
40390;;;;;;
40391;;;;;;
40392;114.5;65;110;97;105.5;96.5
40393;111;62;107;93;105;92
40394;112.5;69;105;95.5;107;92
40395;117.5;62;105;100;92.625;101.5
40396;119;66;105;100;113;100
40397;;;;;;
40398;;;;;;
40399;117;66;105;99;111;102
40400;120;67;110;107.5;117;105.5
40401;130.5;73.5;110;113.5;120.5;100
40402;107;77.5;115;102.25;123;106
40403;132.5;74.5;115;123.5;122.5;113.5
40404;;;;;;
40405;;;;;;
40406;136.5;75.5;115;127.5;122;112.5
40407;130.5;72.5;115;86;121;107.5
40408;123.5;71.5;115;101.5;116.5;103
40409;125.5;71.5;115;119;114;102.5
40410;132.5;73.5;115;126.5;121.5;110.5
40411;;;;;;
40412;;;;;;
40413;130.5;72.5;115;122.5;120.5;110.5
40414;139;73.5;115;125.5;125.5;125.1
40415;141;76;120;128;96;113
40416;141.5;75.5;120;130.5;129.5;115.5
40417;143.5;78.5;;135;133;116
40418;;;;;;
40419;;;;;;
40420;141;;;88;136;114.5
40421;145;79;122;135;133;115
40422;136;77;115;127;126;109
40423;129.5;75;115;123.5;125;102.5
40424;124;71;115;117;115;98
40425;;;;;;
40426;;;;;;
40427;126.5;72.5;115;119;120;97.5
40428;135.5;75.5;115;126.5;127.5;106.5
40429;133;75;118;126;124;106.5
40430;129;75.5;118;122.5;122.5;103
40431;129;75;118;121.5;121.5;98
40432;;;;;;
40433;;;;;;
40434;120;71.5;115;110;110;90
40435;126.5;74;115;87.5;115;97.5
40436;123.5;70.5;115;109.5;112.5;93.5
40437;123.5;70.5;115;112.5;112.5;95.5
40438;124;72;115;113;111.5;94
40439;;;;;;
40440;;;;;;
40441;129.5;69.5;115;116.5;115.5;98.5
40442;130.5;70;115;121.5;117.5;105.5
40443;137;76;120;126.5;123;109
40444;140.5;78;125;130;125.5;112.5
40445;135.5;76;120;125;121;116
40446;;;;;;
40447;;;;;;
40448;138;72.5;120;127;120;113
40449;139;76.5;120;133;128;113.5
40450;139;75;115;131;125;111.5
40451;134;73;115;122;123.5;104
40452;102.045;73;115;103.41;103.185;100
40453;;;;;;
40454;;;;;;
40455;123;71;115;118;119;98
40456;124;67;115;119;113.5;95.5
40457;120.5;66.5;115;112.5;115.5;94
40458;119;66;115;112;112.5;104
40459;100.125;65;115;100.545;100.055;100.005
40460;;;;;;
40461;;;;;;
40462;114.5;63;115;104.5;106.5;86.5
40463;111;63;115;104;106.5;89
40464;106;60;110;101;100;82.5
40465;114;65;110;107;106.5;104.3
40466;117;64;110;108;108;97.5
40467;;;;;;
40468;;;;;;
40469;119;62.5;110;111.5;110.5;99
40470;101.95;64.5;110;103.39;102.63;100.04
40471;121;65.5;110;114;109;97
40472;118;65;110;110;107;96
40473;100.09;65;110;103.25;100.395;100.035
40474;;;;;;
40475;;;;;;
40476;95;63.5;105;95;101;91
40477;101.325;64;105;103.215;102.085;100.035
40478;115;63;105;108;106.5;93
40479;120;64.5;105;111;105;91
40480;119;66;105;110;107;95
40481;;;;;;
40482;;;;;;
40483;127;64;103;117;107;96
40484;132.5;65;107;120.5;101;91.5
40485;136.5;65.5;105;125;110;100.5
40486;133.5;65.5;105;124.5;105;95.5
40487;133.5;65;105;122.5;105.5;97.5
40488;;;;;;
40489;;;;;;
40490;141.5;67.5;105;130.5;113;104.5
40491;140.5;68.5;105;133.5;108.5;103
40492;144.5;70.5;108;137.5;112.5;110.5
40493;152;73.5;110;144;118;113.5
40494;142.5;72;105;140.5;110.5;104
40495;;;;;;
40496;;;;;;
40497;140;70;100;140;113;100.025
40498;143;69;105;145;106;107
40499;140;69;105;138;98.25;98
40500;143.5;67;105;141;95.5;87.15
40501;148.5;73.5;105;141.5;106.5;101.5
40502;;;;;;
40503;;;;;;
40504;156.5;73.5;108;147.5;108.5;102.5
40505;167.5;75.5;110;160;107.5;112
40506;170.5;80;110;160;110;108.5
40507;170.5;78;113;162.5;114.5;112
40508;172.5;82.5;115;168;120.5;115
40509;;;;;;
40510;;;;;;
40511;177.5;83;115;165.5;114;115
40512;187.5;90;120;172;130;120
40513;167.5;102.5;120;159;120;110
40514;155;79;120;150;110;103
40515;150;76;115;140;105;90
40516;;;;;;
40517;;;;;;
40518;155;79;115;150;107;105
40519;153;89.5;115;145;102.5;95
40520;155;95.5;115;145;105;97
40521;155;80;115;150;113;98
40522;160;93.5;115;150;100.25;100.04
40523;;;;;;
40524;;;;;;
40525;157.5;78.5;115;149.5;111.5;102.5
40526;150;92.5;115;145;109.5;111
40527;150;92.5;115;127.5;105;119.75
40528;146;95.5;115;138;106.5;98
40529;160;82;115;148;112.5;114
40530;;;;;;
40531;;;;;;
40532;165;93.5;115;152.5;115;119
40533;164;97.5;120;182;100;115
40534;164;83.5;;155;120;102
40535;165;80;120;155.5;115;110
40536;160;;120;153;;103.5
40537;;;;;;
40538;;;;;;
40539;;99.5;;;;
40540;;97.5;;;;
40541;170;84.5;120;162;123;104.5
40542;170;95.5;120;162;121;108
40543;165;95.5;120;155;120;104.5
40544;;;;;;
40545;;;;;;
40546;;91.5;;;;103.25
40547;160;85;115;153;115;95
40548;170;80;118;160;120;100
40549;192.5;80;125;175;130;88.25
40550;197.5;80;130;185;130;127.5
40551;;;;;;
40552;;;;;;
40553;210;102.5;130;190;150;135.5
40554;190;122;130;177;145;119
40555;182;98.5;130;170;137;110
40556;169;100;;160.5;130;104
40557;171;102;130;174.5;135.5;112.5
40558;;;;;;
40559;;;;;;
40560;172.5;82.5;130;162.5;132.5;109.5
40561;167.5;100;130;157.5;127;96
40562;158;97.5;125;153;119;92
40563;160;104.5;120;150;122;92
40564;153;97.5;120;147;98.915;85
40565;;;;;;
40566;;;;;;
40567;143;97.5;116;140;111;101
40568;153;100;114;147.5;117.5;87
40569;155;99;120;148;99.016;85.6
40570;166;95.5;125;150;130;76
40571;160;73;125;150;121;93
40572;;;;;;
40573;;;;;;
40574;150;93.5;123;145;115;90.5
40575;142.5;72.5;120;137.5;114.5;86.5
40576;141;89;120;139;85.75;92
40577;148;74;120;144;115;97
40578;140;87.5;120;140;97.848;96.5
40579;;;;;;
40580;;;;;;
40581;142.5;110;120;137;120.5;96.5
40582;142.5;84.5;120;143.5;98.288;88.3
40583;133;74;120;132;125;96
40584;140;82.5;120;132.5;98.439;86.5
40585;138.5;79.5;120;136.5;131.5;98
40586;;;;;;
40587;;;;;;
40588;140.5;80.5;120;139.5;128;102
40589;138;85;120;135.5;129.5;101
40590;123.5;85;120;125.5;120.5;98
40591;122.5;112;120;119.5;122;94
40592;120.5;75;120;124.5;121;100
40593;;;;;;
40594;;;;;;
40595;133.5;78;120;130.5;127.5;104
40596;135;84;120;134.5;122.5;100
40597;135;77.5;120;135;123;116.5
40598;137.5;79.5;120;135.5;99.647;102.5
40599;133;84;120;131.5;118.5;101.125
40600;;;;;;
40601;;;;;;
40602;130.5;78;120;130.5;115.5;94.5
40603;127.5;82.5;115;126.5;110;92.5
40604;129.5;82.5;115;133.5;118;96.5
40605;125;77.5;115;124.5;120;99.95
40606;138.5;78.5;115;132.5;125;90.5
40607;;;;;;
40608;;;;;;
40609;138.5;81;115;133.5;98.565;96.5
40610;140;77.5;115;138.5;98.109;95.5
40611;143;83.5;115;140.5;125;96.5
40612;106.75;79.5;115;142.5;125.5;100.5
40613;154;77.5;115;150.5;102.525;103.45
40614;;;;;;
40615;;;;;;
40616;148.5;84;115;142.5;124.5;97.5
40617;145;84;115;143;126.5;100.5
40618;142;85;110;136.5;123.5;97.5
40619;140.5;79.5;110;138.5;118.5;81
40620;132.5;75.5;110;127.5;99.5;94.375
40621;;;;;;
40622;;;;;;
40623;127.5;79;115;100.5;110;91
40624;133.5;77.5;107;128.5;119;93.5
40625;138;82.5;107;137.5;117.5;97.5
40626;134;74.5;107;131;120;94.5
40627;129.5;79.5;100;128.5;112.5;91.5
40628;;;;;;
40629;;;;;;
40630;135;73.5;100;130.5;117.5;94.5
40631;131;74.5;95;128.5;115;91.5
40632;135.5;74.5;95;131.5;130;95
40633;132.5;82.5;98;130.5;127.5;100.625
40634;124.5;77.5;98;121.5;117.5;100.75
40635;;;;;;
40636;;;;;;
40637;119.5;77.5;95;118.5;113.5;100.75
40638;118.5;77.5;90;117.5;111.5;87.5
40639;110.5;75.5;87;108.5;105.5;84.5
40640;112.5;72.5;90;111.5;88.5;88.75
40641;107.5;77.5;90;109.5;105.5;90
40642;;;;;;
40643;;;;;;
40644;109.5;72.5;90;106.5;103.5;103
40645;112.5;74.5;90;111.5;107.5;88
40646;113.5;74.5;90;112.5;108.5;89.5
40647;118.5;75.5;93;118.5;114.5;89.5
40648;99.75;77.5;93;120.5;115.5;89
40649;;;;;;
40650;;;;;;
40651;106;81.5;93;132;124.5;108.5
40652;129.5;77.5;92;125.5;117.5;108.75
40653;129.5;82.5;90;121.5;119.5;92.5
40654;131;78.5;91;122.5;118.5;93
40655;;;;;;
40656;;;;;;
40657;;;;;;
40658;;79.5;;;137.5;
40659;128.5;76;91;125.5;121.5;93
40660;132.5;81.5;91;123.5;98.44;70.01
40661;134;82;91;99.5;98.44;93
40662;109.25;82;;123;104;82.5
40663;;;;;;
40664;;;;;;
40665;;81;;;;103
40666;130.5;77.5;90;118.5;115.5;79.5
40667;125.5;82.5;90;101.25;89.5;88.5
40668;131.5;81;90;101;89.5;108.5
40669;130.5;76;94;99.5;98.25;90
40670;;;;;;
40671;;;;;;
40672;136.5;77.5;95;126.5;125.5;94
40673;129.5;77.5;95;120.5;122.5;90
40674;125;83.5;95;115.5;123.5;91
40675;132.5;84.5;95;122.5;125.5;70
40676;129;85;95;120.5;113.625;94
40677;;;;;;
40678;;;;;;
40679;130;86;95;99.5;98.4;89
40680;132.5;76;95;123.5;127.5;92.5
40681;133;90;95;127.5;126.5;93
40682;132;85.5;95;124;111;90.5
40683;137;87;95;130;135.5;95
40684;;;;;;
40685;;;;;;
40686;145;88.5;95;135;136;100.25
40687;147.5;88;95;137.5;138.5;97
40688;149;90;95;100.875;139.5;98
40689;147.5;82.5;95;138;139;97
40690;147.5;92;95;139;141.5;100.5
40691;;;;;;
40692;;;;;;
40693;145.5;;;140;139;99.5
40694;146.5;91;95;136.5;138.5;98
40695;142.5;93.5;95;135;137.5;96.5
40696;147;94;95;141;141.5;102
40697;144.5;96;95;137.5;137.5;97
40698;;;;;;
40699;;;;;;
40700;142.5;79.5;96;137.5;137.5;97.5
40701;134;95.5;96;130;105.52;97
40702;143;79.5;97;139.5;140.5;102.5
40703;145;100.5;100;142;150.5;104
40704;150.5;102.5;100;147.5;152.5;107
40705;;;;;;
40706;;;;;;
40707;156.5;83.5;100;151;155;106.5
40708;149.5;104.5;97;145.5;112.95;98.5
40709;162;106.5;97;158;141.5;102.5
40710;158;113.5;97;155;141.5;102.5
40711;151;80.5;95;150;135.5;101.5
40712;;;;;;
40713;;;;;;
40714;157.5;113.5;97;152.5;136.5;102.5
40715;145.5;109.5;93;142.5;127;100.5
40716;147;113.5;93;148;133;97.5
40717;159.5;83;95;155.5;138;108.5
40718;158.5;79.5;100;156.5;137.5;111
40719;;;;;;
40720;;;;;;
40721;160.5;82.5;;159;150;113.5
40722;150.5;82.5;95;165;138.5;106.5
40723;142;79.5;95;140;136;107
40724;131;105.5;88;138;122.5;98
40725;130;75.5;88;128;123;96
40726;;;;;;
40727;;;;;;
40728;130;75.5;88;97.8;97.75;98
40729;137.5;77.5;88;137.5;127.5;102.5
40730;150.2;107.5;88;148.1;135;107
40731;141.5;80.5;88;145.5;133;100.5
40732;148.5;82;88;149;136;107
40733;;;;;;
40734;;;;;;
40735;178;88;95;178;148;102
40736;172;113.5;98;170;146;112.5
40737;175;110.5;98;170;139.5;115
40738;161.5;84;95;160.5;135.5;107.5
40739;185;92.5;100;185;146.5;116.5
40740;;;;;;
40741;;;;;;
40742;182.5;92;105;181.5;150;127.5
40743;187.5;91;100;185;145.5;132.5
40744;165;86;92;169;137.5;112.5
40745;160;85;90;160;135.5;107.5
40746;155;82;90;155;133.5;105.5
40747;;;;;;
40748;;;;;;
40749;162.5;80;92;166.5;135;111.5
40750;165;80;90;167;138;110
40751;169;83.5;92;169;140.5;113.5
40752;168;88.5;95;172;138.5;111.5
40753;178;83.5;92;185;143.5;115.5
40754;;;;;;
40755;;;;;;
40756;185;88.5;92;185;148.5;117.5
40757;192;88;95;200;150;120
40758;190;90.5;95;200;155.5;122.5
40759;205;93.5;95;212;162.5;131.5
40760;215;95.5;105;220;182;140
40761;;;;;;
40762;;;;;;
40763;235;94.5;100;250;185;134
40764;242;100;102;278;197;140
40765;280;105;107;330;215;154.5
40766;265;105.5;112;320;230;165
40767;215;111;110;285;242.5;165
40768;;;;;;
40769;;;;;;
40770;212.5;165;110;282.5;215;152
40771;215;169;110;290;220;157.5
40772;195;160;110;324;210;120
40773;230;175;110;290;240;175
40774;232;120;110;305;247.5;175
40775;;;;;;
40776;;;;;;
40777;240;125;110;305;258;185
40778;260.5;92.25;110;330;260;165
40779;240;125;125;310;250;194.5
40780;235.5;115.5;120;301;250;185
40781;250;130;130;322.5;247.5;197
40782;;;;;;
40783;;;;;;
40784;257.5;161;;330;255;190
40785;240;120;125;307.5;240;187.5
40786;215;173;120;295;220;160
40787;217;172.5;115;285;217;160
40788;232.5;115;125;302.5;230;180
40789;;;;;;
40790;;;;;;
40791;265;127;135;346;260;195
40792;257.5;125;140;340;257.5;195
40793;260;120;140;325;250;188
40794;245;180;140;310;249;175
40795;300;127;;380;260;197.5
40796;;;;;;
40797;;;;;;
40798;335;147.5;;435;288;225
40799;315;132;160;430;277;215
40800;315;128.5;150;424;255;217
40801;260;180;135;350;229.5;180
40802;253;121;;334.5;234;188
40803;;;;;;
40804;;;;;;
40805;275;130;145;370;240;194.5
40806;297.5;102;150;389.5;255;200
40807;275;125;145;370;240;195
40808;305;140;155;420;265;205
40809;290;137;150;375;240;195
40810;;;;;;
40811;;;;;;
40812;280;138;150;357.5;240;200
40813;239.5;140;145;320;215;175
40814;245;145;145;327.5;215;180.5
40815;236.5;145;145;320;215;177.5
40816;255;148;150;342.5;220;190
40817;;;;;;
40818;;;;;;
40819;260;173;160;347.5;240;192
40820;285;185;170;385;255;210
40821;265;175;;355;235;193
40822;240;162;150;330;215;180
40823;240.5;165;150;325;212;178
40824;;;;;;
40825;;;;;;
40826;227.5;157.5;145;315;204.5;167.5
40827;225;155;140;310;206;170
40828;217.5;150;140;305;200;162
40829;226;157;140;302.5;201;175
40830;225;150;150;305;210;179.5
40831;;;;;;
40832;;;;;;
40833;232.5;152.5;150;310;202.5;176
40834;232.5;152.5;155;312.5;220;192
40835;237;150;155;320;210;185
40836;245;152.5;;325;217;192
40837;227.5;145;160;315;210.5;187.5
40838;;;;;;
40839;;;;;;
40840;234.5;145;160;307.5;207;185
40841;237.5;145;160;309.5;207;195
40842;237.5;137.5;;305;202.5;190.5
40843;202.5;127.5;150;270;177.5;155
40844;182.5;122.5;;252.5;175.5;152.5
40845;;;;;;
40846;;;;;;
40847;210;131;;275;184;170
40848;262;145;;332.5;220;200
40849;250;130;150;325;207;205.5
40850;246;130;150;311;202.5;195
40851;255;136;;321;205.5;206
40852;;;;;;
40853;;;;;;
40854;260;142.5;155;330;205;205
40855;262;137.5;155;326;207;202
40856;277;148;;335;216;215.5
40857;297.5;267.5;;363;222.5;220
40858;287.5;137.5;150;342.5;217;210
40859;;;;;;
40860;;;;;;
40861;292;136;;352.5;225;228
40862;322.5;145;;372.5;235;230
40863;305;142;155;364.5;230;222.5
40864;320;157.5;160;380;245;230
40865;319.5;150;155;372.5;238;222.5
40866;;;;;;
40867;;;;;;
40868;332.5;155;160;387.5;250;233
40869;347.5;157.5;170;400;252.5;255
40870;359;163;;429;270;282.5
40871;352.5;175;185;425;282;300
40872;363;180;190;445;285;320
40873;;;;;;
40874;;;;;;
40875;345;170;190;405;265;305
40876;340;175;190;410;270;295
40877;305;168;;355;275;265
40878;272.5;135.5;180;335;210;237.5
40879;245;145;180;305;205;215
40880;;;;;;
40881;;;;;;
40882;240;126.5;175;285.5;192.5;202.5
40883;247;140;160;294.5;188;225
40884;257;138.5;155;309.5;195.5;194.5
40885;292.5;150;170;342.5;220.5;215.5
40886;297.5;157.5;175;365;225;220
40887;;;;;;
40888;;;;;;
40889;320;165;180;390;245;235.5
40890;315;154.5;175;385;235;193
40891;325;165;;407.5;245;240
40892;320.5;157;172;395;235;230
40893;299.5;154.5;160;370;224.5;221.5
40894;;;;;;
40895;;;;;;
40896;295;150.5;;375;225;222.5
40897;290;150;160;370;222;212.5
40898;285;150;155;360;210;205
40899;262.5;145;155;340.5;208.5;197
40900;257.5;139.5;155;337.5;195;195.5
40901;;;;;;
40902;;;;;;
40903;;;;;;
40904;;255;;;;220
40905;255;138;;330;190;185
40906;270;140;155;355;195;195
40907;264.5;135;155;334;205;195
40908;;;;;;
40909;;;;;;
40910;;;;;;
40911;260;225;150;330;190;182
40912;265;147;155;340;198;192
40913;280;160;155;355;220;213
40914;312.5;170;165;372.5;219;221
40915;;;;;;
40916;;;;;;
40917;307.5;172;;380;220;214
40918;290;155;160;356;200;200
40919;285;150;155;360;198.5;195
40920;287;142;155;368;193;189
40921;292.5;145;147;372.5;200;192
40922;;;;;;
40923;;;;;;
40924;290;140;150;370;192;187
40925;273;137;142;353;172;178
40926;263;135;142;342;172;170
40927;235.5;127;137;282.5;158.5;153
40928;240;122.5;135;300;160;145
40929;;;;;;
40930;;;;;;
40931;220;122.5;135;295;161;147
40932;243;130;135;304;167.5;158
40933;230;130;;300;172.5;160
40934;211;122.5;135;270;150;143
40935;210;119.5;;265;153;141
40936;;;;;;
40937;;;;;;
40938;240;120;135;285;172.5;158.5
40939;232.5;123;130;275;165;155
40940;220;117.5;125;270;160;145
40941;220;113;120;256;156.5;135
40942;179;111;120;208;148;133.5
40943;;;;;;
40944;;;;;;
40945;215;110;120;240;150.5;130.5
40946;221;114.5;120;232;150;135
40947;230;115;117;239.5;154.5;145
40948;240;120.5;;260;162.5;147.5
40949;253;130.5;135;275;177;163
40950;;;;;;
40951;;;;;;
40952;247;140;135;267;170;160
40953;254.5;140;145;268;180.5;170.5
40954;275;167.5;150;302;191.5;183.5
40955;274;169.5;;307;185;180
40956;252;157.5;145;275;180;167.5
40957;;;;;;
40958;;;;;;
40959;232;125;140;265;170;160
40960;240;130;140;270;177;160
40961;255;135.5;140;282;185.5;165.5
40962;260;160.5;;285;180;175
40963;246;135;155;272.5;170.5;151.5
40964;;;;;;
40965;;;;;;
40966;253;131;;280;173;155
40967;245;125.5;130;275;167.5;145
40968;245;123;127;262;165;140
40969;237;120;127;249;160;139
40970;242;122;;254;165;145
40971;;;;;;
40972;;;;;;
40973;252;125;;262;175;149
40974;270;130;;280;187;161
40975;265;150.5;132;270;181;156
40976;250;142.5;;260;169.5;150
40977;243;125;;261;170;147
40978;;;;;;
40979;;;;;;
40980;247;131;127;261;173;153
40981;242.5;143.5;127;254.5;165;148.5
40982;237;132;130;255;161;138
40983;235;130.5;125;245;160;139.5
40984;224;127;120;242;155.5;111.5
40985;;;;;;
40986;;;;;;
40987;217;115.5;115;235;150.5;128.5
40988;218;131;119;235;153.5;133
40989;223;130;120;188;160.5;135.5
40990;237;130;125;255;170.5;144
40991;250;140;;267;179.5;151.5
40992;;;;;;
40993;;;;;;
40994;242;130;125;262;175;146.5
40995;235;133;125;260;175;143
40996;242.5;138;125;258;179.5;150.5
40997;265;137.5;130;285;190.5;160
40998;265;133.5;130;280;188;157.5
40999;;;;;;
41000;;;;;;
41001;260;129.5;130;280;180.5;158.5
41002;250;125.5;125;265;175.5;152.5
41003;263;132;130;280;185.5;162.5
41004;280;135;135;293;195;157
41005;;162.5;;;188.5;
41006;;;;;;
41007;;;;;;
41008;;162;;;;
41009;290.5;147.5;140;305.5;215;190
41010;282;140.5;135;310;195;180
41011;280.5;137;130;300.5;195;170
41012;290.5;140;130;315.5;206;180
41013;;;;;;
41014;;;;;;
41015;295;145.5;135;325;208;183
41016;300;173;130;322.5;197;180
41017;310;140.5;130;340;200.5;180.5
41018;315;140.5;130;340;200.5;185.5
41019;320;171;130;335;197.5;182.5
41020;;;;;;
41021;;;;;;
41022;327.5;167.5;132;345;205.5;185.5
41023;322;140.5;135;342;200.5;180.5
41024;302.5;132.5;130;317.5;187.5;175
41025;305;132.5;;322;193;172.5
41026;302;125;130;312;190;167.5
41027;;;;;;
41028;;;;;;
41029;295;125;130;315;188;170.5
41030;280;117.5;130;285;180;165
41031;290;119;130;302;185.5;167.5
41032;300;115;;303;181;175
41033;307.5;117;130;307.5;185;153
41034;;;;;;
41035;;;;;;
41036;;;;;;
41037;320;125.5;132;320;195.5;180.5
41038;335;130;135;340;205;190
41039;330;127;130;332.5;202.5;182.5
41040;337;130.5;135;340;205;190
41041;;;;;;
41042;;;;;;
41043;362.5;137;135;362.5;217;192
41044;380;142.5;135;377;231;196
41045;385;142.5;135;380;227;190
41046;405;146;135;400;232;198
41047;413;150;135;397.5;240;200
41048;;;;;;
41049;;;;;;
41050;410;145.5;135;400;235.5;197
41051;377.5;140.5;135;375;225.5;185
41052;390.5;148;135;385;240;195
41053;385;147.5;;377;235;192
41054;385;147;;375;235;191
41055;;;;;;
41056;;;;;;
41057;382;143;135;375;235;188
41058;377;143.5;135;372;236;186
41059;390;150.5;135;376;255;200
41060;388;145.5;135;375;251;198
41061;392.5;150.5;135;382.5;255.5;197
41062;;;;;;
41063;;;;;;
41064;;;;;;
41065;;;;;;
41066;370;142.5;135;360;245;187.5
41067;350;140;130;340;235;180
41068;342.5;139.5;130;335;232.5;183
41069;;;;;;
41070;;;;;;
41071;345;140;;342;235;182
41072;365;145.5;130;355;250;200
41073;349;135;130;344;241;190
41074;350;140.5;130;342;236;200.5
41075;335;135.5;130;325;220;192.5
41076;;;;;;
41077;;;;;;
41078;342;134.5;130;337;228;202
41079;337.5;129.5;125;327.5;215.5;189.5
41080;335;125.5;125;326;210.5;185.5
41081;324;124.5;125;318;199.5;189.5
41082;320;125.5;125;310;197.5;190.5
41083;;;;;;
41084;;;;;;
41085;340;130.5;125;330;200;202.5
41086;340;131.5;125;332;196;200
41087;339;133.5;125;325;198;198
41088;335;135.5;125;330;212.5;202.5
41089;305;122.5;125;305;202.5;185.5
41090;;;;;;
41091;;;;;;
41092;288;118.5;120;284;200;174
41093;268;120;120;263;205;167
41094;282;122;120;270;213;175
41095;295;129.5;120;285;222.5;192.5
41096;305;137.5;120;295;232.5;207
41097;;;;;;
41098;;;;;;
41099;305;137.5;120;305;232;213
41100;300;137.5;120;302;234;208
41101;305;134;120;300;227;207.5
41102;305;145;120;305;234;210
41103;295;134.5;120;295;232.5;200
41104;;;;;;
41105;;;;;;
41106;305;138;120;300;241;208
41107;295;135;120;292;232.5;198
41108;285;130;120;282;226;193.5
41109;290;130;120;290;225.5;197.5
41110;300;145;120;303;230;200
41111;;;;;;
41112;;;;;;
41113;325;170;120;325;245;215
41114;335;152.5;120;335;250;220
41115;328;165;120;328;245;217.5
41116;310;142.5;120;310;230;205
41117;298;152;120;298;220;190
41118;;;;;;
41119;;;;;;
41120;278;146.5;120;278;207.5;180
41121;280;132.5;120;280;212.5;185
41122;277;150;120;277;210;179.5
41123;295;136;120;295;227;195
41124;275;125.5;120;275;210;180
41125;;;;;;
41126;;;;;;
41127;270;125.5;120;270;205;178
41128;265;131;120;265;207;180
41129;275;130.5;120;275;210.5;178
41130;265;125;120;260;206.5;177.5
41131;270;127.5;120;270;213;180
41132;;;;;;
41133;;;;;;
41134;270;127.5;120;270;210;180.5
41135;265;124.5;120;265;208;179.5
41136;265;125;120;265;210;179.5
41137;273;125;120;273;210.5;182.5
41138;265;125;120;265;210;179.5
41139;;;;;;
41140;;;;;;
41141;260;124;120;260;205;179.5
41142;247;121.5;115;242;200;175.5
41143;250;122.5;;251;205;185
41144;258;127;115;260;210;188
41145;270;132.5;115;270;218;195
41146;;;;;;
41147;;;;;;
41148;;;;;;
41149;268;141.5;115;270;217.5;193
41150;265.5;129.5;115;260;215;190
41151;272;132.5;115;272;217;195
41152;270;130.5;115;270;217;195.5
41153;;;;;;
41154;;;;;;
41155;262;128;115;263;215;192
41156;254;125;115;255;208;185
41157;247;111.5;115;249;202.5;182.5
41158;225;115.5;115;240;187.5;170.5
41159;210;105.5;;225;175.5;155.5
41160;;;;;;
41161;;;;;;
41162;227;107;115;232;185;165
41163;225;125.5;115;235;185;167
41164;215;110;115;218;174.5;160
41165;220;112.5;115;225;180.5;165
41166;204;103;110;207;164;145.5
41167;;;;;;
41168;;;;;;
41169;207;105;110;212;170;148
41170;205;113;110;215;175;155
41171;205;126;110;208;170;155.5
41172;221;120;;225;185;155
41173;218;128;111;220;182;150
41174;;;;;;
41175;;;;;;
41176;230;124.5;111;230;185.5;156.5
41177;225;129;111;225;190;157.5
41178;240;140;111;240;200;168.5
41179;234.5;139;;234.5;195;160
41180;230;124.5;111;235;190;160
41181;;;;;;
41182;;;;;;
41183;235;130.5;111;235;190;157.5
41184;215;128;110;225;185;155.5
41185;213;123;110;217;180;150
41186;205;119;110;205;175;148
41187;198;113.5;110;198;170;144
41188;;;;;;
41189;;;;;;
41190;198;120;110;198;170;147.5
41191;199;119;110;205;172;157.5
41192;204;118;110;208;170.5;157.5
41193;195;130;;197;167.5;155.5
41194;187.5;130;;190;160;145
41195;;;;;;
41196;;;;;;
41197;185.5;127;;192;158;149.5
41198;180;123;110;188;152.5;139.5
41199;168;102.5;100;170;142.5;134.5
41200;165;103.5;100;175;150;131.5
41201;168;103;100;178;155;132.5
41202;;;;;;
41203;;;;;;
41204;163;107;;176;150;129
41205;177;120;100;185;155;131
41206;168;119.5;100;185;152;129
41207;167;113;100;182;150.5;128.5
41208;182;114.5;100;202;157.5;130.5
41209;;;;;;
41210;;;;;;
41211;187;121;100;208;162;132
41212;185;108;100;210;160;125.5
41213;178;108.5;100;202.5;162.5;122.5
41214;178.5;103;95;200;157.5;119
41215;180;101.5;95;195;157.5;120.5
41216;;;;;;
41217;;;;;;
41218;178;103.5;95;200;159.5;122.5
41219;183;116;95;202.5;157.5;122
41220;184.5;100;95;203.5;159.5;122.5
41221;188;99;95;210;165;125.5
41222;202.5;100;95;220;167.5;128
41223;;;;;;
41224;;;;;;
41225;202.5;99;95;222.5;169.5;130.5
41226;200;100;95;221.5;174.5;129.5
41227;202.5;101;95;225.5;180.5;132
41228;206;102;95;231;185.5;132
41229;197;102;95;220;182.5;130
41230;;;;;;
41231;;;;;;
41232;187.5;98.5;95;207.5;175.5;126.5
41233;181;95.5;95;206;170.5;124.5
41234;179.5;97.5;95;200.5;165.5;124.5
41235;175.5;95.5;;189.5;157.5;123.5
41236;174.5;94.5;95;190.5;157.5;121.5
41237;;;;;;
41238;;;;;;
41239;172.5;92.5;95;190.5;156.5;121.5
41240;167.5;91.5;95;192.5;154.5;120.5
41241;175;95.5;95;195;160.5;120.5
41242;165.5;92;95;187.5;150.5;118.5
41243;164.5;90;95;187;149.5;117.5
41244;;;;;;
41245;;;;;;
41246;160;84.5;95;180;145.5;112.75
41247;157.5;83.5;95;170.5;134;108.5
41248;157.5;80.5;95;172.5;137.5;107
41249;159.5;81.5;95;174.5;137.5;106
41250;162.5;80.5;;178;137.5;106.5
41251;;;;;;
41252;;;;;;
41253;168.5;82;95;182.5;142.5;107.5
41254;165;80;;181.5;140;100
41255;163.5;80.5;;180;140;98.5
41256;159;76.5;;175;132;95.5
41257;161.5;78.5;;175.5;133.5;96
41258;;;;;;
41259;;;;;;
41260;160.5;75.5;;174.5;130.5;95
41261;153;76;;165;125;91.5
41262;152;75.5;;164;124;91.5
41263;153;74.5;;165;127;92.5
41264;154;75.5;;166;129;92.5
41265;;;;;;
41266;;;;;;
41267;154;75.5;;166;129;92.5
41268;;;;;;
41269;;;;;;
41270;160;73.5;;167;127.5;92.5
41271;155;73.5;90;170;126.5;94
41272;;;;;;
41273;;;;;;
41274;160;73.5;90;170;127.5;95
41275;;;;;;
41276;145;72.5;87;153;120;87.5
41277;147.5;69;87;157.5;117.5;87.5
41278;150;67.5;87;158;115.5;84
41279;;;;;;
41280;;;;;;
41281;145;68;85;150;115.5;84.5
41282;150;66.5;85;155;117.5;84.5
41283;152;63.5;85;162;116.5;85.5
41284;155;65;85;165;120;88.5
41285;152;67.5;85;165;123;89.5
41286;;;;;;
41287;;;;;;
41288;154.5;68.5;85;166.5;123.5;90.5
41289;162.5;73;80;169.5;131.5;93.5
41290;165.5;76;80;171;132.5;101
41291;162;78.5;80;167;131.5;97.75
41292;162.5;77.5;80;164.5;130.5;93.5
41293;;;;;;
41294;;;;;;
41295;159.5;75.5;80;162.5;127.5;91.5
41296;166;77.5;80;174;130.5;93
41297;164.5;78.5;80;172.5;133.5;94
41298;163.5;79.5;80;171.5;133.5;95
41299;160.5;79.5;80;167.5;132.5;94.5
41300;;;;;;
41301;;;;;;
41302;157.5;79.5;80;164.5;129.5;95.5
41303;162.5;82.5;80;168.5;135.5;98
41304;164.5;75;80;170.5;135.5;100.5
41305;168.5;82.5;80;176.5;137.5;104
41306;173;84.5;;183;140;105.5
41307;;;;;;
41308;;;;;;
41309;185;88;80;195;145.5;110.5
41310;178;87.5;80;185.5;142;104
41311;181;86;80;188;140;105
41312;181.5;85.5;80;186.5;144.5;107
41313;177;86;;182;143;104.5
41314;;;;;;
41315;;;;;;
41316;173;84.5;80;178;142;105.5
41317;167.5;85;80;172.5;136;101.5
41318;156.5;78.5;80;160.5;119.12;96.5
41319;152.5;80;80;155.5;120;97
41320;153.5;79.5;80;156.5;127.5;97.5
41321;;;;;;
41322;;;;;;
41323;157.5;80;80;160.5;130.5;98
41324;156.5;70;80;161.5;130.5;97.5
41325;158;81.5;80;162;131;99
41326;163.5;87;80;167.5;138.5;104
41327;163.5;82.5;80;163.5;137.5;103
41328;;;;;;
41329;;;;;;
41330;163.5;87;80;164.5;136.5;103.5
41331;183;97.5;;185;151;117
41332;172.5;92.5;80;172.5;147.5;110.5
41333;170.5;92.5;80;170.5;147.5;107.5
41334;172.5;96;;173.5;148;112
41335;;;;;;
41336;;;;;;
41337;172;96.5;;172;146.5;112.5
41338;160.5;90.5;80;162.5;142.5;107.5
41339;157.5;70;80;157.5;137.5;105
41340;154.5;87.5;80;154.5;135.5;102
41341;149;83;80;150;128;101
41342;;;;;;
41343;;;;;;
41344;149.5;83.5;80;149.5;128.5;103
41345;150.5;85.5;80;151.5;128;104
41346;152.5;65;80;152.5;129;104.5
41347;149.5;84.5;80;149.5;125;103
41348;148;86.5;;150;127.5;101
41349;;;;;;
41350;;;;;;
41351;160.5;87;;164.5;131;110
41352;172;91;85;175;135.5;114
41353;173;97.5;85;175;137.5;115.5
41354;179.5;97.5;85;179.5;137.5;116.5
41355;187;100;85;190;142;119
41356;;;;;;
41357;;;;;;
41358;197.5;107.5;85;200.5;147;120.5
41359;210.5;109.5;85;215.5;155.5;125.5
41360;220;117;;224;169;133
41361;214.5;114.5;87;215;161;126.5
41362;;;;;;
41363;;;;;;
41364;;;;;;
41365;;;;;;
41366;204.5;110.5;85;205.5;154.5;120.5
41367;200;110;85;200;152.5;120.5
41368;200;112.5;85;200;154.5;118.5
41369;196.5;108;85;198.5;152.5;118.5
41370;;;;;;
41371;;;;;;
41372;189;102.5;85;191;145.5;116
41373;189;99.5;85;191;144.5;116
41374;175;96.5;85;177.5;141.5;109
41375;177;96.5;85;179;142.5;109
41376;184.5;100;85;184.5;145.5;112.5
41377;;;;;;
41378;;;;;;
41379;188;102;85;190;150;115.5
41380;190.5;100;85;195.5;148;116.5
41381;196.5;102.5;85;200.5;149;115.5
41382;198.5;102.5;85;204.5;150.5;117.5
41383;196.5;99;85;202.5;143;116
41384;;;;;;
41385;;;;;;
41386;190.5;100.5;85;196.5;144.5;113.5
41387;183.5;94.5;85;190.5;140.5;110.5
41388;182.5;92.5;85;189.5;137.5;109.5
41389;180;92.5;85;187.5;135.5;108.5
41390;182.5;95.5;85;190.5;140.5;110
41391;;;;;;
41392;;;;;;
41393;174.5;90.5;85;179.5;133.5;106.5
41394;172.5;84;82;177.5;129;100.5
41395;171.5;85.5;82;176.5;130.5;101.5
41396;165.5;84.5;82;167.5;127.5;98.5
41397;152.5;80.5;80;157.5;119.5;90
41398;;;;;;
41399;;;;;;
41400;;;;;121.5;
41401;147.5;77.5;80;150;117.5;90
41402;153.5;77;80;158.5;117;90
41403;159.5;78;80;162.5;120.5;93.5
41404;161.5;80.5;80;163.5;121.5;94
41405;;;;;;
41406;;;;;;
41407;162.5;82.5;80;165.5;126.5;95.5
41408;159.5;81;80;164.5;127;95
41409;155.5;78.5;80;157.5;124.5;94
41410;152.5;78;80;155.5;124;92
41411;145;75.5;80;150;120.5;90.5
41412;;;;;;
41413;;;;;;
41414;143;72;80;145;115.5;87.5
41415;145.5;74.5;80;147.5;126;89.5
41416;141.5;70.5;80;142.5;117.5;87
41417;144.5;74.5;;146.5;125.5;94.5
41418;162;76.5;80;163;132.5;103
41419;;;;;;
41420;;;;;;
41421;;;;;;110.5
41422;156.5;75;80;157.5;125;96
41423;165;76.5;;165;132.5;101.5
41424;164.5;78.5;;164.5;132.5;100.5
41425;170.5;80.5;;174.5;135.5;105.5
41426;;;;;;
41427;;;;;;
41428;179.5;87.5;;180.5;142.5;111.5
41429;168.5;86.5;;169.5;136.5;105.5
41430;175.5;89.5;;177.5;142.5;109.5
41431;181;91.5;;182.5;147.5;112
41432;170;85.5;;170;134.5;101
41433;;;;;;
41434;;;;;;
41435;171.5;89.5;85;173.5;139.5;109.5
41436;175.5;94.5;;177.5;145.5;110
41437;173.5;99.5;85;175.5;145.5;110.5
41438;174.5;100;85;175.5;144.5;111.5
41439;168.5;97.5;85;169.5;138.5;106.5
41440;;;;;;
41441;;;;;;
41442;164.5;95.5;85;167.5;136.5;104.5
41443;167.5;104.5;85;169.5;142.5;107.5
41444;167.5;102.5;85;169.5;137.5;106
41445;185;123.5;;190;161;133.5
41446;195.5;127;;196.5;167.5;125.5
41447;;;;;;
41448;;;;;;
41449;206;140;90;208;178;128.5
41450;196.5;130;;198;170;120.5
41451;181;118;90;183;157;111.5
41452;171.5;112.5;90;171.5;156.5;107.5
41453;183.5;117.5;;182;157.5;113.5
41454;;;;;;
41455;;;;;;
41456;178;112.5;;177.5;156.5;110.5
41457;173.5;112.5;;173.5;155.5;113.5
41458;190;117.5;90;190;162.5;117.5
41459;178.5;115.5;90;178.5;155.5;114
41460;147.5;77.5;90;150;117.5;116.5
41461;;;;;;
41462;;;;;;
41463;173.5;112.5;90;174.5;153.5;110.5
41464;168.5;106.5;90;168.5;147.5;108.5
41465;177;109.5;;177;150.5;113.5
41466;179.5;106.5;90;177.5;146.5;112.5
41467;187.5;107;;187.5;150.5;117.5
41468;;;;;;
41469;;;;;;
41470;182.5;106;90;180.5;145;114.5
41471;180;102.5;90;180;144;116.5
41472;182.5;102.5;90;182.5;143;116.5
41473;177.5;97.5;;175.5;135.5;110.5
41474;176.5;96.5;;174.5;133.5;110.5
41475;;;;;;
41476;;;;;;
41477;168.5;92.5;90;166.5;127.5;104.5
41478;173.5;93.5;;171.5;131.5;106.5
41479;173.5;93.5;90;171.5;127.5;107.5
41480;176.5;97.5;90;174.5;132.5;110.5
41481;177.5;95.5;90;176.5;131;110.5
41482;;;;;;
41483;;;;;;
41484;177.5;95.5;90;175.5;125.5;110.5
41485;170.5;92.5;90;170.5;123.5;107.5
41486;169.5;137.5;90;167.5;120.5;107.5
41487;161.5;88.5;90;159.5;116.5;103.5
41488;158.5;89.5;90;157.5;116.5;98
41489;;;;;;
41490;;;;;;
41491;154.5;89.5;90;154.5;115.5;104.5
41492;154;89.5;;152;115.5;104.5
41493;157.5;92.5;90;155.5;118.5;105
41494;152.5;90.5;;150.5;117.5;104.5
41495;151.5;90.5;;149.5;117.5;104.5
41496;;;;;;
41497;;;;;;
41498;150.5;90.5;90;149.5;117.5;104.5
41499;147.5;90.5;90;146.5;116.5;100.5
41500;146;89.5;90;146;117.5;102.5
41501;154;94.5;;153;121.5;107.5
41502;155.5;96.5;90;154.5;125.5;108
41503;;;;;;
41504;;;;;;
41505;156;100.5;90;156;132.5;111.5
41506;158.5;100.5;90;158.5;130;111
41507;160.5;102.5;90;160.5;105.5;112
41508;158.5;100.5;;158.5;129.5;110
41509;155.5;102;90;155.5;127.5;109.5
41510;;;;;;
41511;;;;;;
41512;;;;;97.5;
41513;162.5;106;90;160.5;132.5;113
41514;165.5;103.5;90;164.5;132.5;112.5
41515;161;104.5;;159;131.5;111.5
41516;163;105.5;90;161;132.5;113
41517;;;;;;
41518;;;;;;
41519;160;102.5;90;158;129.5;110.5
41520;157;102.5;90;155;127.5;109
41521;160;102.5;90;158;130.5;111.5
41522;158.5;101.5;90;155.5;129.5;110
41523;157;99.5;90;154;127.5;111
41524;;;;;;
41525;;;;;;
41526;154.5;97.5;;151.5;125.5;107
41527;150;93;90;148;119.5;102.5
41528;144;93.5;90;142;123.5;100
41529;149.5;94;90;147.5;123;102
41530;151.5;94.5;;147.5;125.5;101.5
41531;;;;;;
41532;;;;;;
41533;144;90.5;90;142;121.5;97
41534;145.5;91;90;143.5;121;99
41535;143.5;89.5;90;139.5;120;95.5
41536;135.5;86;90;134.5;118;92
41537;144.5;94;;144.5;128;102.5
41538;;;;;;
41539;;;;;;
41540;144.5;87.5;92;144.5;125.5;102.5
41541;146.5;94;;127.5;128;103
41542;148.5;91;;146.5;123.5;102
41543;151.5;92;;147.5;125.5;105.5
41544;154.5;94;;147.5;125.5;105.5
41545;;;;;;
41546;;;;;;
41547;155.5;94.5;92;149.5;126.5;109
41548;150.5;92.5;92;145.5;122.5;106
41549;149.5;92.5;92;144.5;122.5;104.5
41550;149.5;91.5;92;140.5;122.5;105
41551;146.5;90.5;92;137.5;121.5;102.5
41552;;;;;;
41553;;;;;;
41554;146.5;89.5;92;138.5;121.5;101.25
41555;141.5;89.5;92;136.5;120.5;102.5
41556;141.5;90;92;134.5;123;105
41557;135.5;85.5;92;128.5;117.5;99.5
41558;133.5;80.5;92;126.5;116.5;98
41559;;;;;;
41560;;;;;;
41561;132.5;82.5;;129.5;115.5;97.5
41562;127.5;80.5;90;122.5;112.5;95
41563;127.5;80.5;90;120.5;109.5;94.5
41564;129.5;84.5;90;122.5;114.5;97.5
41565;129.5;83;90;122.5;114.5;98
41566;;;;;;
41567;;;;;;
41568;128;82.5;90;121;113;97.5
41569;126.5;80.5;90;120.5;113;96
41570;128;82.5;;121.5;102.625;96.5
41571;132.5;84;90;125.5;115;101
41572;138.5;84.5;90;130;117.5;99.5
41573;;;;;;
41574;;;;;;
41575;134.5;84.5;90;126.5;115;99.5
41576;129;82.5;90;123;112;96
41577;106;81.5;90;120.5;113;97
41578;123;80;90;116;110;94
41579;119.5;80;90;113.5;110;92
41580;;;;;;
41581;;;;;;
41582;117.5;79;90;111.5;71.5;92
41583;121.5;77;90;114.5;109;93
41584;116.5;74;80;104.5;107;92
41585;109;72;80;107;102;87
41586;111.5;72;80;108.5;104;87
41587;;;;;;
41588;;;;;;
41589;108.5;72.5;80;104.5;103.5;86
41590;111.5;74;80;107.5;106;90
41591;114.5;77.5;80;109.5;109.5;90
41592;113.5;75.5;;109.5;108.5;88.5
41593;112.5;74;80;108.5;107;88
41594;;;;;;
41595;;;;;;
41596;110.5;73.5;80;105.5;106;87
41597;109.5;73.5;80;104.5;106;88
41598;106.5;73.5;80;103.5;106;88
41599;106.5;72.5;80;102.5;105;87
41600;102.5;71.5;80;99.5;102.5;85
41601;;;;;;
41602;;;;;;
41603;102;69.5;80;100;99.5;83
41604;99.5;66.5;80;96.5;97.5;82
41605;98.5;64.5;80;95.5;96.5;81.5
41606;100.5;67;80;96.5;97;82
41607;105.5;67;80;102.5;97;84
41608;;;;;;
41609;;;;;;
41610;104.5;67.5;80;101.5;98;81.5
41611;108.5;68;80;105.5;98;84
41612;109.5;69;80;106.5;99;85
41613;112.5;73;80;109.5;102;88
41614;109.5;71;80;107.5;101.5;87.5
41615;;;;;;
41616;;;;;;
41617;103.5;68;;100.5;97.5;85
41618;102;66;80;98;94.5;83.5
41619;99.5;64;80;97.5;92;84
41620;103.5;68;;101.5;97;85.5
41621;104.5;66.5;80;100.5;95.5;85
41622;;;;;;
41623;;;;;;
41624;100.5;65;;97.5;94.5;83
41625;102.5;65;80;99.5;93;83
41626;98.5;63;80;96.5;91.5;80
41627;99.5;62;80;96.5;89;80
41628;100.5;65.5;;97.5;91.5;80.5
41629;;;;;;
41630;;;;;;
41631;101.5;62.5;81;98.5;91.5;83.5
41632;100;62;;96.5;88;81
41633;;;;;;
41634;;;;;106;
41635;100.5;62.5;76;98.5;91.5;83.5
41636;;;;;;
41637;;;;;;
41638;101.5;62.5;76;99.5;92.5;84.5
41639;102.5;65;;99.5;91;84
41640;;;;;;
41641;99;64.5;76;96;88.5;81.5
41642;97.5;62;76;94.5;88;82
41643;;;;;;
41644;;;;;;
41645;93.5;60;76;93.5;86.5;79
41646;92.5;59.5;76;92.5;82.5;82
41647;93.5;59.5;76;93.5;86.5;83.5
41648;96.5;62;76;95.5;84;84
41649;101.5;64.5;;99.5;88.5;84
41650;;;;;;
41651;;;;;;
41652;99.5;62.5;76;98.5;89;85.5
41653;102.5;65;80;100.5;89;87
41654;98.5;63.5;80;97.5;86;84.5
41655;98.5;68;80;97.5;87;85
41656;99.5;68;80;98.5;86;85
41657;;;;;;
41658;;;;;;
41659;100.5;70;80;99.5;87;87
41660;98.5;70;80;99.5;89;86
41661;101.5;71;80;100.5;90;88
41662;104.5;75.5;80;104.5;95.5;91
41663;113.5;82;85;113.5;102;99
41664;;;;;;
41665;;;;;;
41666;114.5;82;85;114.5;102;99
41667;107.5;77;85;108;96.5;94.5
41668;109.5;80;85;109.5;101;95.5
41669;107.5;83.5;85;107.5;102;95.5
41670;108;82;;109;102.5;98
41671;;;;;;
41672;;;;;;
41673;109.5;83.5;85;112.5;103.5;99
41674;107.5;82.5;85;107.5;102.5;97.5
41675;102;80;85;103;100.5;95
41676;100;77;85;100;98.5;92
41677;97;78.5;85;99;98;92.5
41678;;;;;;
41679;;;;;;
41680;97.5;78.5;;98.5;99;91.5
41681;94.5;75;85;96.5;95;88
41682;94;75.5;85;95;96;90
41683;95.5;76;;97.5;97;89
41684;94;76;;93;95.5;87.5
41685;;;;;;
41686;;;;;;
41687;92;75;85;92;94;86.5
41688;92;77;85;94;95;87.5
41689;92;77.5;85;94;95;88.5
41690;94;79.5;;95;97.5;90
41691;92;75.5;;93;96;88
41692;;;;;;
41693;;;;;;
41694;88;74;84;89;94.5;87
41695;90;73;84;92;93;86
41696;90;73.5;84;92;93.5;87.5
41697;89;74.5;84;91;95.5;89
41698;87.5;73.5;84;90;92.5;86.5
41699;;;;;;
41700;;;;;;
41701;92;76;84;95.5;98;89.5
41702;88;74.5;84;92;94;88
41703;88.5;71.5;84;92.5;92.5;85.5
41704;86.5;69;84;89;90.5;83.5
41705;89.5;68.5;84;93;91;84.5
41706;;;;;;
41707;;;;;;
41708;90.5;72;84;93.5;93;84
41709;89;71.5;84;92;92;82.5
41710;91;73;84;95;95;83
41711;93;76.5;84;98;97.5;84.5
41712;96.5;75;84;100.5;100;84.5
41713;;;;;;
41714;;;;;;
41715;90.5;74;84;95.5;95;82
41716;90;71;84;93;94;79.5
41717;88;72.5;84;94;91.5;78.5
41718;94.5;77.5;;101.5;97;85
41719;94.5;76.5;84;102.5;96;84
41720;;;;;;
41721;;;;;;
41722;95;77.5;84;103;96;85
41723;92;76;;100.5;93;85
41724;92;72.5;84;100;91;82
41725;93;73.5;;102;91.5;84
41726;88;70.5;84;100.9;89;80
41727;;;;;;
41728;;;;;;
41729;87;69.5;80;96.5;87;77
41730;85;67;80;92;84;73
41731;83.5;65.5;80;93.5;84;73.5
41732;83;63;80;92.5;83;72.5
41733;79.5;62.5;80;89.5;80;70.5
41734;;;;;;
41735;;;;;;
41736;80.5;62.5;80;90.5;77.5;70
41737;80;59;80;88;77;71.5
41738;76.5;56.5;80;86;74.5;70
41739;77;57.5;80;87;76.5;71.5
41740;81;61;80;91.5;79;74.5
41741;;;;;;
41742;;;;;;
41743;78;58.5;80;87;77;75
41744;77.5;61;80;89.5;78.5;75.5
41745;78;59.5;80;89;76;73
41746;75;60;;87;77;72.5
41747;;;;;;
41748;;;;;;
41749;;;;;;
41750;;;;;;
41751;75;57.5;80;87;74;71
41752;74.5;59.5;80;88.5;74.5;72.5
41753;77;59.5;80;92;76;73.5
41754;82.5;61;80;96.5;76;75
41755;;;;;;
41756;;;;;;
41757;80.5;61;80;97.5;76.5;75
41758;78;60;80;94.5;75;72.5
41759;74.5;58.5;80;87.5;72.5;71.5
41760;72.5;57.5;;86.5;71.5;70.5
41761;74.5;55.5;;85.5;71;71.5
41762;;;;;;
41763;;;;;;
41764;;;;;;65
41765;72.5;56;79;85.5;71.5;73.5
41766;73;54;;84.5;71.5;73
41767;69.5;51;79;80.5;67.5;69
41768;70.5;51.5;79;82.5;68.5;70
41769;;;;;;
41770;;;;;;
41771;69;51;79;80;67;68
41772;69.5;51.5;75;79.5;66.5;68.5
41773;71;51.5;75;81;68.5;69.5
41774;77;56.5;75;87;74.5;73.5
41775;73.5;52.5;75;86.5;72.5;73
41776;;;;;;
41777;;;;;;
41778;78;55.5;75;90;75;69
41779;81;55.5;75;92;75.5;72.5
41780;79;52.5;75;90;71.5;70.5
41781;77;52.5;;88;71;70
41782;75;50.5;75;87;70;68
41783;;;;;;
41784;;;;;;
41785;;;;;;
41786;71;48.5;75;77;66.5;66
41787;68;48.5;75;77;63;63.5
41788;67.5;47.5;75;74.5;62.5;64.5
41789;69;47.5;;77;63.5;66.5
41790;;;;;;
41791;;;;;;
41792;68;47.5;75;76;62.5;66.5
41793;69;47;75;78;63;66
41794;69;47;75;78;60;66.5
41795;64.5;42.5;75;72.5;58.5;64.5
41796;59;41;70;65;55;59.5
41797;;;;;;
41798;;;;;;
41799;56.5;38;70;61.5;50.5;56.5
41800;59;39.5;70;65;51.5;58.5
41801;58.5;40.5;70;64.5;54;58.5
41802;58;39.5;;64;51.5;64.5
41803;58.5;38.5;70;65;53;57
41804;;;;;;
41805;;;;;;
41806;62;41.5;70;70;55.5;61
41807;62;40.5;70;70;55.5;62.5
41808;59;41.5;70;69;55.5;61.5
41809;56;39.5;70;65;51.5;58.5
41810;61;41;71;72.5;54;64
41811;;;;;;
41812;;;;;;
41813;62;40;71;72;54;63.5
41814;61.5;41.5;75;71.5;53.5;64.5
41815;66.5;43.5;75;76;56;66.5
41816;69.5;46.5;74;81;62;68.5
41817;72.5;49;;82.5;64;72.5
41818;;;;;;
41819;;;;;;
41820;75;47.5;75;85;65.5;74
41821;66.5;44.5;75;77.5;62;72
41822;62.5;45;75;74.5;62.5;71
41823;63.5;41;75;73.5;60;68
41824;62.5;42;;71.5;61.5;70
41825;;;;;;
41826;;;;;;
41827;62;42.5;75;72;61;70
41828;69;47;80;80;68;76
41829;72;48.5;80;80;70.5;78
41830;76.5;52.5;80;84.5;71.5;79.5
41831;75.5;49.5;80;80.5;69.5;79.5
41832;;;;;;
41833;;;;;;
41834;76;50.5;;84;70;81.5
41835;78.5;50.5;80;81.5;69.5;80.5
41836;75;47.5;80;79;66;75.5
41837;75;50;;82;69;77.5
41838;76;50.5;80;83;68;75.5
41839;;;;;;
41840;;;;;;
41841;78.5;50.5;80;88.5;68.5;78
41842;72.5;49;80;91.695;67;75
41843;70.5;50;80;78.5;67;75.5
41844;71.5;49.5;80;81.5;68;76
41845;73.5;50.5;80;84.5;67;76.5
41846;;;;;;
41847;;;;;;
41848;71.5;49.5;80;81.5;66;76
41849;72.5;50.5;80;82.5;66;77
41850;70.5;49.5;80;81.5;66;73.5
41851;82.5;53.5;;90.5;71.5;79
41852;81;55.5;;90;72;81.5
41853;;;;;;
41854;;;;;;
41855;79;51;80;89;69;77.5
41856;78.5;50.5;80;85.5;65.5;75.5
41857;78;54.5;;89;68.5;79
41858;78.5;55.5;80;90.5;73.5;82
41859;78.5;57.5;80;91.5;74.5;81.5
41860;;;;;;
41861;;;;;;
41862;71.5;53.5;;86;68;77.5
41863;71.5;54;75;85.5;70;78.5
41864;67;51;75;82.5;65;73
41865;67.5;49.5;;80.5;64.5;69
41866;68;51;;81;64;71
41867;;;;;;
41868;;;;;;
41869;64;47.5;75;78;61;66
41870;63;46;70;76;59;65
41871;62;46;70;75;58;64
41872;61;45;70;74;57;69.5
41873;62.5;46.5;70;73.5;59.5;69.5
41874;;;;;;
41875;;;;;;
41876;;;;89;;69.5
41877;60.5;44.5;70;69.5;57.5;61
41878;57.5;45;70;68.5;57;62
41879;59.5;46.5;70;71.5;57;64
41880;60.5;45.5;70;70.5;57;63.5
41881;;;;;;
41882;;;;;;
41883;60;46;70;70;57;62
41884;59;43;65;66;56;60
41885;60.5;44;70;66.5;56;59.5
41886;55;42;70;64;53;59
41887;54;42;;64;53;59
41888;;;;;;
41889;;;;;;
41890;55;43;;62;55;59
41891;55;44;70;64;55;60
41892;57;45.5;70;64;57;59.5
41893;56.5;43.5;;66;56.5;60
41894;56;42.5;;65.5;55;60
41895;;;;;;
41896;;;;;;
41897;60.5;44.5;70;71.5;56.5;61.5
41898;60;46;;68;59;63
41899;57.5;42;70;67.5;55.5;62.5
41900;58;40;70;65;54;60
41901;55;40.5;70;65;51.5;59.5
41902;;;;;;
41903;;;;;;
41904;59;40.5;71;69;55;59
41905;61;44;70;75;59;67
41906;61;44;75;74;59;67.5
41907;65;47;;75.5;64;74
41908;63;47;;74;62.5;68
41909;;;;;;
41910;;;;;;
41911;67;53.5;75;80;67.5;74
41912;64.5;48.5;;77.5;64.5;72.5
41913;61.5;48.5;;72.5;62.5;68.5
41914;61.5;46.5;75;73.5;63.5;69.5
41915;59.5;44.5;;71.5;62.5;68.5
41916;;;;;;
41917;;;;;;
41918;57.5;39;;67.5;53;65.5
41919;61;47.5;;74.5;60.5;72.5
41920;63.5;40;75;73.5;54;73.5
41921;63.5;45.5;75;74.5;59.5;67.5
41922;68.5;48;;77.5;63;77.5
41923;;;;;;
41924;;;;;;
41925;69.5;46;;66.5;63;78.5
41926;63;42;;72.5;60;71.5
41927;65.5;45.5;80;80.5;64.5;82.5
41928;77.5;47.5;80;88.5;70.5;87.5
41929;64.5;45.5;;79.5;66.5;72.5
41930;;;;;;
41931;;;;;;
41932;73.5;46.5;;85.5;64.5;75.5
41933;70.5;46.5;80;80.5;63.5;77.5
41934;70.5;43.5;;80.5;61.5;80.5
41935;68.5;41.5;;79.5;63.5;78.5
41936;66.5;44.5;;77.5;59.5;79.5
41937;;;;;;
41938;;;;;;
41939;65.5;46;;75.5;60;75.5
41940;65.5;45.5;;79.5;60.5;77.5
41941;67;48.5;;79.5;63.5;81.5
41942;70;50;;81.5;66.5;76
41943;68;47;;79.5;61.5;74
41944;;;;;;
41945;;;;;;
41946;67;40.5;;78.5;58.5;75
41947;67;44.5;;78;64.5;81.5
41948;68.5;47;;77.5;61;78.5
41949;65.5;47;;77.5;60;78.5
41950;68;48;;79;61;76
41951;;;;;;
41952;;;;;;
41953;67.5;47;;79.5;60;78.5
41954;65.5;45;80;76.5;57.5;74.5
41955;66.5;46;80;77.5;58;75.5
41956;65;45;80;73;56;70
41957;68.5;43.5;80;80.5;56.5;79.5
41958;;;;;;
41959;;;;;;
41960;69.5;44.5;80;78.5;57.5;80.5
41961;68.5;47.5;80;78.5;60.5;79.5
41962;70.5;45.5;80;80.5;62.5;83.5
41963;70.5;49.5;80;81.5;61;84.5
41964;68.5;50;80;76.5;55;81.5
41965;;;;;;
41966;;;;;;
41967;64.5;44.5;80;74.5;52.5;78.5
41968;64.5;44;80;73.5;55.5;73.5
41969;64.5;42;;74.5;54;77.5
41970;63;44;80;71;55;70.5
41971;63.5;42;80;71.5;52.5;71.5
41972;;;;;;
41973;;;;;;
41974;64;43;80;72;53;69.5
41975;61.5;41.5;80;71.5;50.5;74.5
41976;61.5;42.5;80;77.5;47.5;75.5
41977;60.5;38.5;80;74.5;49;72.5
41978;62;34.5;80;72;46.5;63.5
41979;;;;;;
41980;;;;;;
41981;60.5;38.5;;75.5;48;71.5
41982;66;40.5;;76;49;70.5
41983;64.5;38.5;;79;50.5;75.5
41984;66.5;41.5;;85.5;50;77.5
41985;71.5;39.5;;89;54.5;77.5
41986;;;;;;
41987;;;;;;
41988;70.5;46;;89;52.5;80.5
41989;77;48.5;;97.5;53.5;85
41990;72.5;46.5;;100.5;51.5;80.5
41991;69.5;42.5;;95.5;48.5;77.5
41992;71;42;;94;50;78
41993;;;;;;
41994;;;;;;
41995;69.5;42.5;;95.5;46.5;72
41996;69.5;42.5;;95.5;49.5;75.5
41997;68.5;43.5;;94.5;46.5;76.5
41998;;;;;;
41999;;;;;;
42000;;;;;;
42001;;;;;;
42002;70.5;43;;96.5;49;78.5
42003;72.5;43;;98.5;49;80.5
42004;67.5;44.5;85;87.5;50.5;79.5
42005;;;;;;
42006;62.5;37.5;85;86.5;48.5;75.5
42007;;;;;;
42008;;;;;;
42009;74;45;85;97;54;78
42010;77;48;85;104;55;78
42011;57;46.5;85;101;53.5;79.5
42012;72;43.5;85;94;48.5;76.5
42013;69.5;49.5;85;94.5;49.5;73.5
42014;;;;;;
42015;;;;;;
42016;72.5;47;85;94.5;54;71
42017;70.5;43.5;;92.5;52.5;73.5
42018;72.5;46;;95.5;52;70
42019;71.5;46.5;85;95.5;52.5;74.5
42020;65.5;43.5;85;89.5;52.5;75.5
42021;;;;;;
42022;;;;;;
42023;70.5;45.5;85;95.5;51.5;75.5
42024;69.5;45.5;85;92.5;49.5;72.5
42025;66.5;43.5;85;87.5;48.5;70.5
42026;62.5;45;85;83.5;47.5;61.5
42027;62.5;40.5;85;81.5;44.5;65.5
42028;;;;;;
42029;;;;;;
42030;62.5;44.5;85;82.5;46.5;65.5
42031;61.5;44.5;85;84.5;50.5;68.5
42032;65;48.5;85;84.5;50.5;60.5
42033;68.5;51.5;85;90.5;53.5;70.5
42034;73.5;50;;91.5;54.5;71.5
42035;;;;;;
42036;;;;;;
42037;70.5;54.5;;93.5;56;72.5
42038;67.5;50;;90.5;52;70.5
42039;68.5;45.5;;86.5;51.5;68.5
42040;65.5;48;;85.5;51;60.5
42041;64.5;46.5;85;87.5;49.5;65.5
42042;;;;;;
42043;;;;;;
42044;67.5;50.5;85;90.5;51.5;69.5
42045;63.5;50.5;;83.5;52;66.5
42046;69.5;51;;91.5;53;70.5
42047;68.5;51.5;;88.5;52.5;69.5
42048;66.5;48.5;;85.5;49.5;68.5
42049;;;;;;
42050;;;;;;
42051;67.5;50;;86.5;49;69.5
42052;68.5;50;;87.5;53.5;70.5
42053;62;48.5;;76.5;47;67.5
42054;64.5;49;;82.5;46.5;67.5
42055;64.5;51;;81.5;50;66.5
42056;;;;;;
42057;;;;;;
42058;63.5;49.5;;80.5;49;65.5
42059;60.5;47;;74.5;44;65
42060;60.5;46.5;;74.5;48.5;64.5
42061;56.5;46.5;;69;26.7;59.5
42062;54.5;46;;69.5;43;58
42063;;;;;;
42064;;;;;;
42065;56.5;46.5;;69.5;44.5;58.5
42066;56.5;46;;71.5;40.5;60.5
42067;58;47;;74;51;60
42068;54.5;46.5;;67.5;42.5;60
42069;55.5;43;;68.5;42;58.5
42070;;;;;;
42071;;;;;;
42072;57.5;45;;71.5;44;55
42073;59;47.5;;73.5;48.5;62
42074;57.5;46.5;;72.5;47.5;60.5
42075;57.5;45.5;;69.5;46.5;61
42076;57.5;45.5;;68;46.5;58.5
42077;;;;;;
42078;;;;;;
42079;55;46;;68.5;47;60
42080;58;46;;73.5;45.5;61
42081;60.5;50.5;;75.5;49.5;64.5
42082;61.5;52;;75.5;54;70.5
42083;55.5;54;;69.5;53;68
42084;;;;;;
42085;;;;;;
42086;62.5;56.5;;79.5;56.5;70.5
42087;66.5;58;;80.5;58;71
42088;64.5;55.5;;79.5;55.5;70.5
42089;57.5;54.5;;79.5;52.5;71
42090;62;57;;79;57;71
42091;;;;;;
42092;;;;;;
42093;61.5;56;;78.5;56;68.5
42094;63.5;56;;76.5;57.5;70.5
42095;64;56;;76;56;65
42096;63.5;57.5;;77.5;60.5;70.5
42097;;;;;;
42098;;;;;;
42099;;;;;;
42100;;;;;;
42101;57.5;55.5;;75.5;55.5;66.5
42102;60.5;54.5;;74.5;57.5;69.5
42103;61.5;57;;74.5;60;68.5
42104;60.5;52.5;;73.5;54.5;66.5
42105;;;;;;
42106;;;;;;
42107;60.5;52.5;;74.5;54.5;66.5
42108;62.5;56;;75.5;57;68.5
42109;62;54.5;;74.5;56.5;66.5
42110;68.5;56;;81.5;60;73.5
42111;71.5;61;;82.5;65.5;78.5
42112;;;;;;
42113;;;;;;
42114;70.5;64.5;;82.5;64.5;77.5
42115;71.5;64;;85.5;65;80.5
42116;69.5;60;;82.5;61.5;76.5
42117;66;62;;75;63;74
42118;67;64;;76;64;75
42119;;;;;;
42120;;;;;;
42121;65.5;59.5;;73.5;61.5;70.5
42122;61.5;61.5;;68.5;62.5;71.5
42123;65.5;59.5;;73.5;62.5;71.5
42124;64.5;59.5;;74.5;62.5;69.5
42125;65;61;;74;61;71
42126;;;;;;
42127;;;;;;
42128;;;;;61;
42129;69.5;63;;77.5;66;73.5
42130;70.5;65;80;81.5;66;75.5
42131;72.5;61;;83.5;67.5;75.5
42132;65.5;62;80;73.5;63;67.5
42133;;;;;;
42134;;;;;;
42135;70.5;62;;81.5;64;74.5
42136;68;64;80;77.5;66;71
42137;70.5;59;;80.5;65.5;74.5
42138;70;64;80;80;65;75
42139;70;64;;79;65;75
42140;;;;;;
42141;;;;;;
42142;72;66;80;82;67;78
42143;70.5;64;80;79.5;62.5;75.5
42144;72;64;;81.5;64;76
42145;72;62.5;;80.5;61.5;76
42146;71;64.5;80;81.5;63.5;77
42147;;;;;;
42148;;;;;;
42149;;;;;;
42150;74.5;59;80;83.5;65.5;79.5
42151;70;63.5;;79;62.5;76
42152;71;64.5;80;82.5;65.5;77
42153;72;63.5;;82.5;65.5;78
42154;;;;;;
42155;;;;;;
42156;74;64.5;80;83.5;67.5;80
42157;71;65;80;80;67;78
42158;68.5;62;;78.5;65.5;77.5
42159;72;63;80;82.5;66;81
42160;74.5;66;;83.5;70;86.5
42161;;;;;;
42162;;;;;;
42163;73.5;65.5;;87;69.5;85
42164;76.5;65;;85.5;70;85.5
42165;72;62;80;84;67;80
42166;68.5;63;;84.5;68;82.5
42167;78.5;65;80;88.5;70.5;86
42168;;;;;;
42169;;;;;;
42170;82.5;69;80;89.5;72.5;93.5
42171;79.5;72.5;80;94.5;78.5;98.5
42172;82;73;80;90;76;96
42173;84;73;;92;78;97
42174;88.5;73;;95.5;78;98.5
42175;;;;;;
42176;;;;;;
42177;75.5;67;;84.5;75;92
42178;73.5;63;;85.5;65.5;89.5
42179;80.5;65;80;86.5;71;92.5
42180;80;63;;85;71;91
42181;77;61;;83;69;89
42182;;;;;;
42183;;;;;;
42184;86.5;68.5;80;93.5;76.5;95.5
42185;90.5;72.5;;94.5;80.5;99.5
42186;84.5;70;;88.5;74.5;92.5
42187;85.5;71.5;;89.5;75.5;97.5
42188;93.5;74.5;80;98.5;83.5;101.5
42189;;;;;;
42190;;;;;;
42191;91.5;80;80;96.5;83.5;102.5
42192;91.5;77.5;80;100.5;85.5;104.5
42193;97.5;83;80;101.5;90.5;104.5
42194;92;74.5;80;92.5;85.5;103.5
42195;78.5;70.5;80;82.5;72.5;93.5
42196;;;;;;
42197;;;;;;
42198;78.5;66.5;80;80.5;66;88.5
42199;77.5;65.5;80;81.5;70.5;89.5
42200;75.5;65.5;80;80;68.5;88
42201;74;68;;77;68;85
42202;67.5;62;80;69.5;62;82.5
42203;;;;;;
42204;;;;;;
42205;67.5;58.5;80;73.5;59.5;77.5
42206;68.5;65;80;75.5;64;82.5
42207;69.5;65;80;77.5;64;84.5
42208;71.5;66;;76.5;65;84.5
42209;72;66;80;80;67.5;85.5
42210;;;;;;
42211;;;;;;
42212;76.5;69;;82.5;69.5;89
42213;75.5;68;80;81.5;69;88.5
42214;70;68;80;78;65;83
42215;75;68;80;81;69;87
42216;75;68;80;81;67.5;86
42217;;;;;;
42218;;;;;;
42219;73;67;80;79;67;86
42220;74.5;68.5;80;82.5;67.5;89.5
42221;74;67;80;80;67;86
42222;74;68;80;80;68;86
42223;73.5;66.5;80;83.5;69.5;88.5
42224;;;;;;
42225;;;;;;
42226;77;68.5;;82;69;88
42227;76;68.5;80;83;72.5;90.5
42228;80;73;80;87;73;93
42229;77;72;80;84;72;90
42230;75;70;80;82;70;88
42231;;;;;;
42232;;;;;;
42233;74.5;74.5;;81.5;69.5;87.5
42234;74.5;73;80;81.5;69.5;87.5
42235;78.5;75.5;;84.5;73.5;91.5
42236;76;78.5;80;84;74;88
42237;79;84;;89;72;92
42238;;;;;;
42239;;;;;;
42240;85.5;89.5;;96.5;81.5;101.5
42241;83.5;83.5;;91.5;76.5;98.5
42242;76.5;84.5;;87.5;75.5;97
42243;76.5;78;;85.5;70;90.5
42244;74.5;78.5;;82.5;69.5;93
42245;;;;;;
42246;;;;;;
42247;;;;;;
42248;76;83.5;;85;71;93
42249;78.5;78;;88.5;74;99
42250;80.5;82.5;;88.5;71.5;97.5
42251;82;85;;89.5;75.5;100.5
42252;;;;;;
42253;;;;;;
42254;79.5;83.5;;88.5;74.5;98
42255;76.5;81.5;;85.5;71.5;96
42256;75;79;;84.5;68;92
42257;77;80;;87;70;93
42258;77;76;;84;71;86
42259;;;;;;
42260;;;;;;
42261;75;81;;83.5;70;93
42262;74.5;75;;81.5;67;92
42263;72;79.5;;80;69;89
42264;72.5;76;;79.5;66;89.5
42265;74.5;78.5;;80.5;68.5;91.5
42266;;;;;;
42267;;;;;;
42268;74.5;77;;84.5;72;93.5
42269;81;84.5;;90;75.5;99
42270;77.5;89;;86.5;77;98.5
42271;79.5;94;;89.5;77.5;100.5
42272;81.5;92;;100;74.5;99.5
42273;;;;;;
42274;;;;;;
42275;85.5;95;;90.5;79.5;106
42276;90;92.5;;100;89.5;107.5
42277;89.5;92;;99.5;76;104
42278;89;92;;97;77;104
42279;88;94.5;;98;77;104
42280;;;;;;
42281;;;;;;
42282;81.5;86.5;;91.5;71.5;98.5
42283;79.5;82.5;;88.5;68.5;95.5
42284;76;79;;86;66;92
42285;77.5;83.5;;88.5;67.5;98.5
42286;77;72;;88;60;92.5
42287;;;;;;
42288;;;;;;
42289;77;76;;84.5;64;92
42290;79;78;;86;65;91
42291;78.5;79.5;;87.5;65.5;92.5
42292;100.06;78;;89;63;92
42293;82;78;;83;66;91
42294;;;;;;
42295;;;;;;
42296;79.5;75.5;61.5;83.5;60.5;89.5
42297;77;75;;80;61;88
42298;76;74;;77;61;84.5
42299;73;70;;75;58;82.5
42300;69.5;65.5;;72.5;53.5;75.5
42301;;;;;;
42302;;;;;;
42303;70;66;;73;53.5;77
42304;71;67.5;;74;54.5;82.5
42305;70.5;66;;72;54;80.5
42306;68.5;66.5;;72.5;53.5;99.75
42307;69.5;66;;73.5;55;83.5
42308;;;;;;
42309;;;;;;
42310;69.5;67;;72.5;55;84.5
42311;64.5;63;;69.5;53.5;85
42312;67;62;;71;55;84
42313;49;63;;69;56;84
42314;68.5;64;;70;57;86.5
42315;;;;;;
42316;;;;;;
42317;69.5;64;;71.5;57;87.5
42318;72.5;67;;72.5;59;90.5
42319;72.5;65.5;;72.5;58.5;90.5
42320;76;71.5;;77;63.5;93
42321;76.5;72.5;;76.5;64;95.5
42322;;;;;;
42323;;;;;;
42324;76.5;71.5;;76.5;64.5;95.5
42325;69.5;66.5;;72.5;60.5;89.5
42326;68.5;65.5;;71.5;59.5;88.5
42327;72;66.5;;72;60.5;91
42328;70.5;67.5;;71;60.5;90.5
42329;;;;;;
42330;;;;;;
42331;71.5;66.5;;71.5;60.5;90.5
42332;72.5;67;;75.5;61;97.5
42333;70.5;66;;73.5;60;92.5
42334;70.5;65.5;;72.5;58.5;92.5
42335;70.5;65.5;80;72.5;58.5;92.5
42336;;;;;;
42337;;;;;;
42338;70;64.5;80;72;56.5;92
42339;69.5;64.5;80;71.5;56.5;91.5
42340;63.5;62.5;80;67;55.5;87.5
42341;67.5;65.5;80;70.5;57.5;90.5
42342;67;66;80;67.5;57.5;93.5
42343;;;;;;
42344;;;;;;
42345;63.5;64.5;80;66.5;57.5;89.5
42346;66.5;67;;68.5;55;92.5
42347;68.5;66.5;80;69.5;58.5;94.5
42348;70;68.5;80;71;60;94
42349;73.5;75.5;80;73.5;62.5;99.5
42350;;;;;;
42351;;;;;;
42352;73.5;73.5;80;73.5;64.5;99.5
42353;69.5;72.5;80;69.5;61.5;96.5
42354;69.5;70.5;80;68.5;58.5;93.5
42355;70.5;67.5;80;69.5;59;95.5
42356;72;72;;73;61;96
42357;;;;;;
42358;;;;;;
42359;70;69.5;;71;60.5;96
42360;71.5;69.5;80;71.5;60;97.5
42361;70.5;70;79;69.5;60.5;96.5
42362;69;70;;70;58;93
42363;;;;;;
42364;;;;;;
42365;;;;;;
42366;;;;;;
42367;68.5;69.5;79;68.5;60.5;94.5
42368;70.5;69.5;;69.5;61.5;96.5
42369;69;;;69;60;95
42370;;;;;;
42371;;;;;;
42372;;;;;;
42373;71.5;73.5;79;70.5;62.5;98.5
42374;67.5;67.5;;67.5;56.5;95.5
42375;70.5;70.5;79;69.5;57;97.5
42376;68;75.5;79;68;59;99
42377;67.5;76;79;67.5;61;100
42378;;;;;;
42379;;;;;;
42380;66;78;79;66;63;99
42381;66.5;81;79;66.5;63;99.5
42382;65.5;80;79;66;63;99
42383;71;83.5;79;72;65;104
42384;78.5;90.5;;78.5;70.5;109.5
42385;;;;;;
42386;;;;;;
42387;81;94;79;81;74;115.5
42388;77.5;94;79;77.5;75;111.5
42389;79.5;99.5;;82.5;79.5;120.5
42390;76.5;96.5;79;79.5;76.5;127.5
42391;72.5;91;;75.5;72;126
42392;;;;;;
42393;;;;;;
42394;77.5;95.5;79;79.5;75.5;130.5
42395;78.5;95.5;80;80.5;74.5;137
42396;78.5;96.5;80;80.5;76.5;135.5
42397;81.5;98;80;83.5;80;135.5
42398;85.5;97.5;80;87;80.5;145
42399;;;;;;
42400;;;;;;
42401;87;101.5;80;88;86.5;144.5
42402;92.5;109.5;80;97.5;96.5;161
42403;98.5;115.5;80;100.5;104.5;168
42404;100;119.5;80;102;108.5;176.5
42405;113;130.5;80;115;121.5;210
42406;;;;;;
42407;;;;;;
42408;125;154.5;80;128;154.5;245
42409;127;140;;130;142;260
42410;122;140;80;123;140;230
42411;132;152;;134;156;271
42412;120;135;;125;135;215
42413;;;;;;
42414;;;;;;
42415;112.5;127.5;;110;135;225
42416;107;122;;109;130;233.5
42417;97;110;80;97;117;219.5
42418;95;110;80;100;117;225
42419;103;114;;104;124;232.5
42420;;;;;;
42421;;;;;;
42422;102;121;80;104;128;221
42423;106.5;123;;107.5;135;235.5
42424;113.5;126;;113;139;245.5
42425;116.5;127.5;;116.5;137.5;240
42426;107.5;119.5;80;107.5;132.5;225
42427;;;;;;
42428;;;;;;
42429;105.5;116.5;;106.5;134.5;229.5
42430;98;110.5;;98.5;121.5;210
42431;93.5;108;;93.5;118.5;200
42432;94.5;110.5;;95;122.5;212.5
42433;90.5;107.5;;90.5;122.5;214.5
42434;;;;;;
42435;;;;;;
42436;90;105.5;;90;120.5;212.5
42437;92.5;107.5;;92.5;126.5;213
42438;90.5;109;;95.5;125.5;200.5
42439;82.5;100.5;;82.5;120.5;175
42440;69.5;84.5;;72.5;104.5;137
42441;;;;;;
42442;;;;;;
42443;71;86;;71;104;145
42444;72.5;90;;74;108;150
42445;74;95.5;;75;115.5;162.5
42446;74.5;98;;75.5;115.5;162.5
42447;72.5;94.5;;73.5;114.5;162
42448;;;;;;
42449;;;;;;
42450;77.5;102;;78.5;108.25;169.5
42451;82;103;;84.5;132.5;181.5
42452;86.5;105.5;;88.5;135.5;192.5
42453;88.5;109;;89.5;134.5;197
42454;;;;;;
42455;;;;;;
42456;;;;;;
42457;99;;;;108.12;
42458;87.5;110;81;88.5;130.5;197
42459;80.5;105.5;;81.5;137.5;195
42460;81.5;107;;82.5;135;194
42461;81.5;104.5;;82.5;134.5;190.5
42462;;;;;;
42463;;;;;;
42464;81.5;105;;80.5;136.5;184.5
42465;84.5;110;;85.5;139.5;194
42466;87.5;109.5;;88.5;140.5;199
42467;88.5;108;;92.5;136.5;204
42468;88.5;110;;89.5;135;205
42469;;;;;;
42470;;;;;;
42471;87.5;109;;89.5;135.5;200
42472;86.5;103;;86.5;131;197.5
42473;82.5;103;;84.5;128.5;186.5
42474;77.5;98.5;;77.5;124.5;176
42475;78;98.5;;81.5;126.5;178.5
42476;;;;;;
42477;;;;;;
42478;76.5;96.5;;81.5;123.5;180.5
42479;75.5;95.5;;75.5;120.5;177.5
42480;74.5;89.5;;74.5;112;174
42481;70.5;86.5;;70.5;107.5;154.5
42482;70.5;88.5;;70.5;105.5;152
42483;;;;;;
42484;;;;;;
42485;73.5;89.5;;73.5;109.5;155
42486;74;89.5;;74;110;155
42487;71.5;88.5;;72.5;107.5;153.5
42488;72;87;;72;108;152
42489;79;92.5;;79.5;114.5;163.5
42490;;;;;;
42491;;;;;;
42492;;92.5;;79.5;114.5;163.5
42493;82.5;100;;80;124.5;169
42494;86;105.5;;84.5;129.5;176.5
42495;83.5;105.5;;83.5;134.5;175.5
42496;83;105.5;;83.5;134.5;184.5
42497;;;;;;
42498;;;;;;
42499;82;102.5;;81;129.5;181.5
42500;79.5;99.5;;78.5;124.5;173.5
42501;79.5;102.5;;78.5;125.5;175
42502;79;100.5;;78.5;124.5;177.5
42503;81;103.5;;81.5;125.5;177.5
42504;;;;;;
42505;;;;;;
42506;81.5;103.5;;81.5;126.5;182.5
42507;82;98.5;;80.5;122.5;184.5
42508;81;100.5;;81.5;118.5;181.5
42509;83.5;98.5;;82.5;115.5;180
42510;80;93.5;;81.5;105.5;175.5
42511;;;;;;
42512;;;;;;
42513;81.5;92.5;;81.5;108.5;170.5
42514;78.5;90.5;;77.5;104.5;168
42515;76.5;84.5;;73.5;97.5;167
42516;75.5;85.5;;74.5;100.5;161.5
42517;75.5;84.5;;74.5;99;164.5
42518;;;;;;
42519;;;;;;
42520;;;;;;
42521;75;88.5;;75.5;100.5;167
42522;77;92.5;;78.5;107.5;170.5
42523;78.5;93.5;;80.5;107.5;172
42524;80.5;94.5;80;80.5;111.5;174
42525;;;;;;
42526;;;;;;
42527;80.5;92.5;;80.5;110.5;172.5
42528;79.5;92.5;;79.5;108.5;171
42529;81.5;92.689;;81.5;108.736;176
42530;83.5;94.5;;83.5;112.5;179
42531;85;95.5;;86.5;117.5;189
42532;;;;;;
42533;;;;;;
42534;92.5;100.5;;93.5;127.5;197
42535;92.5;104.5;;95.5;128.5;206
42536;90.5;104.5;;93.5;127.5;208
42537;94.5;104.5;;94.5;130.5;215.5
42538;90.5;100.5;;92.5;122.5;205
42539;;;;;;
42540;;;;;;
42541;82.5;90.5;;82.5;103.5;192.5
42542;80.5;92.5;;83.5;105.5;190
42543;79.5;90.5;;83.5;103.5;187
42544;76;86.5;;80.5;99.5;179
42545;99;118.5;;100.5;136.5;219
42546;;;;;;
42547;;;;;;
42548;105;122.877;;106;163.376;244
42549;97;110;;102;150;231
42550;91;107.601;;99.151;141.973;216.923
42551;91.5;106.5;;97;138;218
42552;87.5;96.5;;88.5;131;211.5
42553;;;;;;
42554;;;;;;
42555;90.5;98;;91;141;222.5
42556;91.5;100;;91.5;147;235
42557;92.5;100;;92;152;240
42558;91.5;106;;95;159;254
42559;86.5;97;;87.5;145.5;237.5
42560;;;;;;
42561;;;;;;
42562;80.5;91.5;;81.5;134;235.5
42563;74.5;86.5;;74.5;122.5;220.5
42564;74.5;86.5;;76.5;123.5;225
42565;72.5;84;;73;119;216
42566;72.5;80.5;;73.5;114.5;206.5
42567;;;;;;
42568;;;;;;
42569;74.5;80.5;;75.5;114.5;208
42570;77.5;83.5;;77.5;120;212
42571;74.5;80.5;;74;112.5;210
42572;68;76;;71;112;201
42573;72.5;80.5;;75.5;115;203
42574;;;;;;
42575;;;;;;
42576;72.5;81.5;;73.5;116;204
42577;75;84;;76;118.5;208
42578;73.5;81.5;;73.5;118;215
42579;74.5;82.5;;73.5;118;213
42580;74.5;83.5;;73.5;115;213
42581;;;;;;
42582;;;;;;
42583;71.5;80.5;;73.5;113.5;207
42584;72.5;85.5;;75.5;116.5;215
42585;71.5;83.5;;73.5;113.5;212
42586;68.5;77.5;;70.5;100.5;207
42587;67.5;75;;73.5;98;205
42588;;;;;;
42589;;;;;;
42590;70.5;73;;71.5;97.5;200
42591;67.5;71;;68.5;92.5;198
42592;68.5;71;;69.5;93.5;199.5
42593;68.5;73;;69.5;91;200
42594;68;68.5;;70.5;104.6;199.5
42595;;;;;;
42596;;;;;;
42597;67.5;68.5;;68.5;87;196.5
42598;67.5;66.5;;68.5;86.5;195.5
42599;69.5;68.5;;70.5;90.5;201.5
42600;69;71.5;;72;88;206
42601;71.5;73;;73.5;92;216.5
42602;;;;;;
42603;;;;;;
42604;73.5;72.5;;73.5;94.5;219.5
42605;70;70;75;72.5;92;217.5
42606;69;69;;70.5;90;219.5
42607;69;69;;70.5;93;219.5
42608;68;69;;70.5;92;219.5
42609;;;;;;
42610;;;;;;
42611;;69;;70.5;92;219.5
42612;67.5;68;;71;90;217
42613;67;68;;69.5;89;215.5
42614;67.5;67;;68.5;88;214.5
42615;65.5;65;;68.5;82;208.5
42616;;;;;;
42617;;;;;;
42618;65.5;62.5;;66.5;80.5;210
42619;65.5;62;;66.5;79;198.5
42620;63;62;;65.5;80;192.5
42621;64.5;63;;66.5;82.5;193.5
42622;65.5;64.5;;68.5;84.5;192.5
42623;;;;;;
42624;;;;;;
42625;68;66.5;;69.5;88.5;194.5
42626;68;66.5;;71;85.5;194
42627;67;67.5;;70;85.5;192.5
42628;68.5;66.5;;70;84.5;195.5
42629;69;66;;70;87;213
42630;;;;;;
42631;;;;;;
42632;67;65;;69;86;217
42633;75.5;71.5;;76.5;96.5;240.5
42634;71;69.5;;72.5;93.5;229.5
42635;68;70;;70;87;224.5
42636;68;67.5;;69.5;92.5;233
42637;;;;;;
42638;;;;;;
42639;70.5;73;;71.5;93;249.5
42640;73;74.5;;74.5;99.5;252.5
42641;73;74;;74;99.5;233.5
42642;73;74;;74;99;226.5
42643;76.5;78.5;;79.5;104.5;220
42644;;;;;;
42645;;;;;;
42646;77;77.5;;79;101.5;240
42647;76.5;79.5;;77.5;106.5;232
42648;74.5;79;;76.5;102;218.5
42649;73;76;;76;102;219
42650;71.5;78;;73.5;102.5;218.5
42651;;;;;;
42652;;;;;;
42653;70;78;;71;105;219.5
42654;70;81;;71;107;219
42655;68;82.5;;69;106.5;220
42656;68;82.5;;69;107.5;227
42657;68;80.5;;69;106.5;222
42658;;;;;;
42659;;;;;;
42660;69;81;;70;108;223.5
42661;67.5;78;;68;105;224.5
42662;66;76;;67;102.5;221
42663;64;74.5;;65;101.5;212
42664;66;74.5;;68;101;205.5
42665;;;;;;
42666;;;;;;
42667;63;73.5;;65;98.5;202.5
42668;68;75;;69;106;210.5
42669;69;75;;70;106;217.5
42670;67;74.5;;69;103.5;219
42671;67;74.5;;70;103.5;223
42672;;;;;;
42673;;;;;;
42674;69;68;;71;99;227
42675;68;64.5;;70;93.5;232.5
42676;68;65.5;;70;94.5;236.5
42677;66;65.5;;69;90.5;232
42678;68;65.5;;70;90.5;232
42679;;;;;;
42680;;;;;;
42681;67;63.5;;69;88.5;224
42682;63;61.5;75.5;66;88.5;217
42683;66.5;62.5;;71;87.5;221.5
42684;65.5;65.5;;68;84.5;217.5
42685;69.5;69.5;;72.5;88.5;222
42686;;;;;;
42687;;;;;;
42688;71;72.5;;77;91.5;221
42689;70;72;;78;87;216
42690;70.5;73;;78.5;91;220.5
42691;74.5;76.5;;84.5;92.5;224.5
42692;77;77;;88;92;224.5
42693;;;;;;
42694;;;;;;
42695;79;76.5;;84;92.5;223.5
42696;75;75.5;;83;91.5;221.5
42697;78;79;;86;93.5;218.5
42698;78;77;;87;92.5;218.5
42699;78.5;77.5;;86.5;91.5;220.5
42700;;;;;;
42701;;;;;;
42702;82;80;;91;95;227.5
42703;80;77;;89;91;220.5
42704;80;77;;91;91;222.5
42705;80.5;76.5;;90.5;88.5;219
42706;79.5;78;;88.5;90.5;219
