Date;DNB;Nordea;Danske Bank;Svenska Handelsbanken;Swedbank;Skandinaviske Enskildabanken
40182;57;55;70.5;54;116;117.5
40183;61.5;60.5;67.375;54.25;119.5;114.5
40184;55.5;55.5;67.5;49.5;113;116
40185;50.5;60.5;79;51.125;117.5;110.5
40186;47.5;60.5;62.5;45.5;115;105.5
40187;;;;;;
40188;;;;;;
40189;48.5;50;64.5;49;110;102.5
40190;60.5;49.5;61.5;48.5;105;99
40191;52.5;53.5;61.5;48.5;105;100.5
40192;56.5;58;61.5;57;110;114.5
40193;57.5;62.5;60.5;57;109.5;115.5
40194;;;;;;
40195;;;;;;
40196;57.5;62;68.375;55.875;115;115.5
40197;54.5;62.125;68.5;55.875;115;112.5
40198;65.375;64.5;71.625;59;120.25;124.5
40199;61;63;61;60;125.5;122
40200;65.375;69.5;71.625;62.125;120.25;123
40201;;;;;;
40202;;;;;;
40203;65.375;68.5;71.625;62.25;120.25;122.75
40204;62.5;74;69.5;69;115;117.5
40205;67.5;76;61;70;110;120
40206;67.5;69.75;73.125;62.25;120;120
40207;67.5;62;67.5;62.5;120;120
40208;;;;;;
40209;;;;;;
40210;73.125;75;73.125;68;120;120
40211;69.75;69.75;80.25;62.25;117.25;116.25
40212;66.375;66.375;69.75;59.125;111.5;113
40213;70;62.5;71.5;67.5;120;120
40214;60.5;62;83.125;71.625;120;120
40215;;;;;;
40216;;;;;;
40217;83.125;83.125;83.125;71.625;99.5;102.85
40218;72.5;77;78;70.5;112.5;117.5
40219;70.5;85;81;65.5;112.5;112.5
40220;73.125;73.125;73.125;65.375;108.75;113
40221;76.375;76.375;76.375;68.5;111.5;116.25
40222;;;;;;
40223;;;;;;
40224;75.5;79;80.5;69;112.5;119.5
40225;76.5;76.375;83.5;69.75;111.5;122
40226;95.5;85;98.75;68;98.5;92
40227;77.5;79;80;72;118.5;117.5
40228;73;79;79;64;118;118
40229;;;;;;
40230;;;;;;
40231;73.5;76.375;76.5;73.125;115.5;115.5
40232;73.5;67;76.5;68;115.5;115.5
40233;75.5;77.5;62.5;65.5;117.5;118
40234;77.5;77.5;81.5;73;123;123
40235;74.5;73.125;73.125;66.375;117.5;117.5
40236;;;;;;
40237;;;;;;
40238;62.5;62;62.5;62.5;117.5;117.5
40239;73.5;73.125;78;66.375;114.5;114.5
40240;72.5;62;78;62.5;114.5;107
40241;72.5;62;78;67;114.5;114.5
40242;68.5;73.5;79.25;62.5;112;110
40243;;;;;;
40244;;;;;;
40245;61;65;80.5;63;108;108
40246;61.5;62;80.5;60.5;105;105
40247;69.5;69;81;65;102.5;105
40248;69.5;69;70.5;65;104.5;105.5
40249;69.5;69;76.5;65;104.5;105.5
40250;;;;;;
40251;;;;;;
40252;70.5;69;72.5;63;102.5;102.5
40253;72;68;73.5;63;104;106
40254;68.625;68.625;72.125;61.75;103.25;103.25
40255;72;68;73.5;63;104;106
40256;72.5;90;72.5;63;104.5;104.5
40257;;;;;;
40258;;;;;;
40259;75.5;75.5;77.5;63.5;110;110
40260;60;62;86.5;62.5;106;98.75
40261;70.5;72.5;74.5;56.5;100;103
40262;75.5;75.5;76.5;62.5;110;110
40263;75.5;75.5;76.5;62.5;110;110
40264;;;;;;
40265;;;;;;
40266;71;68.5;87.5;60;104;102
40267;69.5;68.5;77.5;59;102.5;102.5
40268;72;69.5;77.5;59;103;104
40269;70.5;72;77.5;62.5;104.5;104.5
40270;70.5;;;62.5;104.5;104.5
40271;;;;;;
40272;;;;;;
40273;;;;62.5;;
40274;73;72;71.5;62.5;103;107.5
40275;74.5;74.5;76.5;62.5;105;105
40276;75;75;73.5;62.5;107;102.5
40277;74.5;74.5;77.5;62.5;114;104
40278;;;;;;
40279;;;;;;
40280;70.5;72.5;74.5;60.5;102.5;102.5
40281;70.5;61.5;75.5;60.5;102.5;99.5
40282;61.5;61.5;72.5;60.5;103;100
40283;72.5;73.5;73.5;60.5;100;101
40284;70.5;73.5;73.5;60.5;100.5;99.5
40285;;;;;;
40286;;;;;;
40287;72.125;72.125;72.125;61.75;103.25;103.25
40288;72.5;72.125;72.125;61.75;102.5;102.5
40289;61.5;61.5;68;60.5;104;105
40290;75.625;75.625;75.625;65.25;106.25;106.5
40291;75.625;75.625;75.625;65.25;100.021;100.718
40292;;;;;;
40293;;;;;;
40294;61;61.5;77.5;63.5;110;104
40295;79.125;79.125;79.125;68.75;106.25;106.5
40296;79.5;79.5;81.5;67.5;99.25;93
40297;61.25;75.625;75.75;65.25;103.25;100
40298;62;78.5;77.5;67.5;105;105
40299;;;;;;
40300;;;;;;
40301;;;;;;
40302;76.5;76.5;68;63.5;105;106
40303;80;78.5;77.5;67.5;112;110
40304;;;;;;
40305;82.5;85.5;85.5;72.5;120;100.489
40306;;;;;;
40307;;;;;;
40308;85;;98.426;;105;100.959
40309;85;80;98.852;;110;110
40310;80;92;82.5;70.5;110;110
40311;75.5;74.5;77.5;55;110;101.07
40312;82;80.5;98.859;69.5;113;100.575
40313;;;;;;
40314;;;;;;
40315;85;85.5;96.5;75.5;110;110
40316;82;79.125;66.5;68.75;110;110
40317;85;;99.127;;110;110
40318;85;85;99.128;70;112;112
40319;90;;99.076;;115;115
40320;;;;;;
40321;;;;;;
40322;85;101.75;99.077;72.25;115;115
40323;100.035;101.4;99.078;87.5;125;101.75
40324;90;;98.876;99.434;120;120
40325;85;98;99.082;;120;120
40326;99;97.25;;;;
40327;;;;;;
40328;;;;;;
40329;;;;;;
40330;83;82.5;81.5;75.5;115;115
40331;83;78.5;78.5;67.5;115;115
40332;78;65.5;75.5;65.5;105;105
40333;80;80.5;83;70.5;107.5;107.5
40334;;;;;;
40335;;;;;;
40336;100.027;;98.885;;110;100.61
40337;85;93.5;98.885;73.5;125;120
40338;85;99.895;98.889;73.5;125;120
40339;100.024;99.875;98.788;75;115;100.598
40340;100.023;99.89;98.79;73.125;110.75;111.25
40341;;;;;;
40342;;;;;;
40343;80;99.88;77;69;115;115
40344;80;99.91;98.791;75.5;115;115
40345;75;99.925;85.5;78.5;105;105
40346;75;80;75.5;75.5;100;100
40347;75.5;95.75;95;69.5;91.75;110
40348;;;;;;
40349;;;;;;
40350;70;75;75.5;70.5;95;90
40351;75;62;77.5;70;100;100.585
40352;75.5;79.875;79.75;65;96.875;100.577
40353;80;80;80.5;72.5;100;95
40354;76.5;76.5;99.147;69.5;104;100.571
40355;;;;;;
40356;;;;;;
40357;80;79.875;99.15;73.125;100;95
40358;80;75.5;99.151;65;105;100
40359;100.015;99.895;99.157;72.25;100;100.555
40360;97.73;79.125;79.25;72.25;108;100
40361;70.5;75.5;79.125;65;102.5;102.5
40362;;;;;;
40363;;;;;;
40364;78;79.5;78.5;68.5;105;95
40365;96.625;79.125;75.75;72.25;106.25;96.75
40366;75;79.125;75.625;75.75;105;95
40367;75;76;76;70.5;102.5;90
40368;72.5;76;76.5;68.5;105;100.544
40369;;;;;;
40370;;;;;;
40371;73.5;76;75.5;68.5;85;94
40372;75;75.625;72.25;72.25;100;85
40373;83.75;75.75;72.25;72.25;90.5;93
40374;74.5;77;77.5;67.5;103;93
40375;70.5;77;76.5;67.5;95;100.521
40376;;;;;;
40377;;;;;;
40378;76.5;72.25;75.75;68.75;96.875;93.5
40379;72.5;72;72.25;68.75;95;87.5
40380;67.625;65.25;68.75;65.25;93.75;90.25
40381;71.5;74.5;75.5;63.5;102;89.5
40382;69.5;75;75;63;87.5;84.5
40383;;;;;;
40384;;;;;;
40385;67.625;65.25;82.5;65.25;93.75;90.25
40386;63.5;70;68.5;58.5;94;83
40387;60;61;64;52;85;83.5
40388;64;65;69;56;90;83
40389;60.5;58.375;61.75;58.25;87.375;83.75
40390;;;;;;
40391;;;;;;
40392;56.875;54.875;58.375;55;84.25;80.5
40393;58.5;61;54.875;51.5;81.125;77.25
40394;53.25;51.375;54.875;51.5;81.125;77.25
40395;59.5;57.5;;;;
40396;56.875;54.875;58.375;55;84.25;80.5
40397;;;;;;
40398;;;;;;
40399;56.5;59.5;63;51.5;90;76.5
40400;56.5;59.5;61.5;51.5;82;76.5
40401;59;61;64;52;87;79
40402;57.5;66;64.5;56.5;85;85.5
40403;64;68;65;59;90;86
40404;;;;;;
40405;;;;;;
40406;57.5;69;65;59;87.5;82.5
40407;59.5;58.375;61.75;51.5;82.5;77.5
40408;59.5;58.375;61.75;51.5;82.5;77.5
40409;59.5;59;63;49;82.5;77.5
40410;62.5;60;62.5;50.5;82.5;82.5
40411;;;;;;
40412;;;;;;
40413;65.5;59;63;50;85.5;82.5
40414;54.5;65.5;65;51;91;87
40415;60;65;69;53;97;86
40416;59;59;68;52;96;85
40417;58.5;63;64.5;54.5;88;83
40418;;;;;;
40419;;;;;;
40420;;;;;;
40421;58.5;59;71.5;55.5;89.75;86.25
40422;58.5;57.5;67;52;90;86
40423;58.5;57.5;67.75;55.25;86.25;82.75
40424;58.5;57.5;66.5;52;85;82
40425;;;;;;
40426;;;;;;
40427;58;65.5;71.5;50;83;80
40428;72;74;75;62;93;90
40429;69.5;70;69.5;56.5;91;86
40430;68;73;85.75;53.5;88;85
40431;70;73;70;53;90;86
40432;;;;;;
40433;;;;;;
40434;67.5;67;67.5;52.5;87;83
40435;67;68;68;55;86;83
40436;67;69.5;69;54;86;83
40437;70.5;68.5;72.5;58.5;90;87.5
40438;59.5;59;70;55;88;83
40439;;;;;;
40440;;;;;;
40441;70.25;70.375;72.25;55.25;86.625;84.25
40442;70;70;71;52.5;86;85
40443;72;73;74;55;89;94.25
40444;71;71.5;72;53.5;88;102.5
40445;71;69;66;52.5;102;94
40446;;;;;;
40447;;;;;;
40448;76.887;59;69.5;52.5;102;94
40449;59.5;72;71;56.5;91;85
40450;59;61;72.5;52.5;88;84.5
40451;59.5;59.5;70;51;91;85
40452;71;71.5;72.5;51.5;102.005;103.865
40453;;;;;;
40454;;;;;;
40455;71.5;70.25;71.5;51.75;88.75;86.25
40456;70.25;70.25;71.5;51.75;88.75;86.25
40457;67;82.231;;48.5;102.235;104.04
40458;73;82.231;74.75;49.25;85;89.5
40459;60.5;60;67.5;48.5;81;100.365
40460;;;;;;
40461;;;;;;
40462;66;61;65;47.5;102.19;104.015
40463;60.5;60;66.5;44.5;83;81.5
40464;63;65;60;45;102.13;103.99
40465;66.5;67.5;67.5;46.5;85;77.5
40466;67.5;67.5;60;46.5;85.5;75.5
40467;;;;;;
40468;;;;;;
40469;68.5;68.5;69.5;47.5;87.5;93
40470;67.5;68.5;68.5;46.5;101.885;77.5
40471;69.5;70.5;70.5;47.5;87.5;78.5
40472;67.5;60;67.5;45.5;85.5;97.5
40473;64.5;68;69.5;44.5;101.69;103.585
40474;;;;;;
40475;;;;;;
40476;66;65.5;66.5;43.5;101.79;93
40477;66.5;69.5;67.5;46.5;101.695;93
40478;66.5;64.5;71;44.5;83.5;93
40479;67;69.5;68.5;47.5;87.5;77.5
40480;68;70;69;47;101.775;93
40481;;;;;;
40482;;;;;;
40483;68;69.5;71;47.5;87.5;77.5
40484;67.5;72;73.5;48;84.5;93
40485;70;70.75;80;45.5;84;78
40486;69;70.5;82.5;47.5;86.5;76.5
40487;69;67;81;45.5;87;79
40488;;;;;;
40489;;;;;;
40490;73.5;71.5;88.5;48.5;88.5;78.5
40491;72.5;72.5;85.5;49.5;85;80
40492;74.5;72.5;95;50.5;87.5;77.5
40493;77.5;77;100.5;54;92.5;82.5
40494;60.51;60.01;110;49.5;89;83
40495;;;;;;
40496;;;;;;
40497;75;73;106.5;49;85;80
40498;74.5;73.5;103.5;49.5;85.5;77.5
40499;74;73;106.5;49;85;78
40500;60.51;60.01;100.5;46.5;84.5;76.5
40501;72.5;74.5;102.5;48.5;82.5;79.5
40502;;;;;;
40503;;;;;;
40504;74.5;73.5;107.5;49.5;86;82
40505;79.5;80.5;102.5;52.5;95.5;87.5
40506;72.5;;112.5;;85.5;80.5
40507;81;75;97.5;54;91;84
40508;82.5;80.5;108.5;53.5;90;83
40509;;;;;;
40510;;;;;;
40511;77.5;77.5;112.5;51.5;92.5;87.5
40512;84;80;112;54;94;85
40513;89.5;88.5;110;57.5;107;95
40514;80;75;110;52;87;84
40515;82.5;82.5;100;52.5;100;85
40516;;;;;;
40517;;;;;;
40518;82;77;115;52;89;86
40519;72.5;77.5;103.5;51.5;93;83
40520;77;73;113;53;77;96
40521;75.5;95.5;113.5;53.5;93;86
40522;82;58;115;52;89;86
40523;;;;;;
40524;;;;;;
40525;84.5;91.5;110;54.5;102;87.5
40526;84.5;84.5;110;54.5;102;87.5
40527;99.813;87;106;50;90;90
40528;82.5;80;115;55;90;83
40529;74.5;59.5;114;55.5;90;86
40530;;;;;;
40531;;;;;;
40532;77.5;80;117;53;85;85
40533;77.5;80;93;57.5;94;95.5
40534;82;77;120;55;91;86
40535;;;;;;
40536;;;;55.5;;
40537;;;;;;
40538;;;;;;
40539;;;;;;
40540;;;;;;
40541;82;79;120;55;93;89
40542;82;79;120;55;93;89
40543;83.9;83.9;111.9;61.3;90.3;90.3
40544;;;;;;
40545;;;;;;
40546;;;;;;
40547;77.5;78.5;115;55;92;85
40548;79.5;81;110;55;95;87
40549;87;87;112;55;100;94
40550;87;87;118.5;59.5;103;94
40551;;;;;;
40552;;;;;;
40553;98.75;87;140;63;110;115
40554;92;100;130;63;102;93
40555;97.88;85;128;61;100;97
40556;97.88;99.25;124.5;61;100;97
40557;88;85;125;65;101;95
40558;;;;;;
40559;;;;;;
40560;85;85;125;63;99;93
40561;80;77;127;57;100;84
40562;80;82;104.1;63;95;90
40563;104;100.8;120.5;63;95;90
40564;80;82;128;58;95;90
40565;;;;;;
40566;;;;;;
40567;80;82;120;58;95;90
40568;73;70;117;55;90;95.588
40569;75;97.451;119;55;90;95.36
40570;75;81;127;60;97;90
40571;80;94;94.5;55;93;93.75
40572;;;;;;
40573;;;;;;
40574;80;74;123;54;90;84
40575;78;78;115;55;93;85
40576;78;78;117;55;93;85
40577;78;74;117;54;90;84
40578;78;78;120;55;93;96.265
40579;;;;;;
40580;;;;;;
40581;80;80;113;55;95;82
40582;80;62.5;120;55;95;82
40583;75;62.5;125;60;95;90
40584;75;97.039;120;60;95;94.969
40585;75;62.5;122;59;90;85
40586;;;;;;
40587;;;;;;
40588;77;77;127;60;129;127
40589;75;74;123;60;129;127
40590;75;75;130;59;129;127
40591;75;77;115;59;90;85
40592;73;80;123.5;59;85;82
40593;;;;;;
40594;;;;;;
40595;75;80;122;65;95;84.5
40596;75;80;120;65;130;127
40597;61.5;80;120;65;95;84.5
40598;75;80;125;65;95;84.5
40599;75;80;122;65;95;84.5
40600;;;;;;
40601;;;;;;
40602;75;78;120.5;58.5;130;128
40603;75;80;117;62;92;85.5
40604;75;63;120;62;95;85.5
40605;75;96.912;117.5;57.5;131;95.182
40606;75;80;;62;95;85.5
40607;;;;;;
40608;;;;;;
40609;75;72;116;62;95;94.587
40610;75;80;117.5;62;131;128
40611;75;80;115;60;88;85.5
40612;74.5;72;118.5;58.5;71.5;86
40613;75.5;80;120.5;61.5;93;87
40614;;;;;;
40615;;;;;;
40616;74.5;80;118.5;60.5;92;86
40617;76.5;82;120;62.5;94;88
40618;75.5;80;120;61.5;93;87
40619;73.5;79;118;59.5;91;107.5
40620;70.5;75;114;57.5;88;82
40621;;;;;;
40622;;;;;;
40623;70.5;75;114;56.5;71.5;107.75
40624;72.5;77;116;58.5;90;82
40625;73.5;72.5;117;59.5;91;83
40626;62.875;60.5;116;60;71.5;82
40627;73;70;113;51.422;87;81
40628;;;;;;
40629;;;;;;
40630;73;70;113;51.422;87;81
40631;63.5;60.5;114;54.5;87;80
40632;73;77;116;56.5;89;83
40633;75;78;118;58.5;91;85
40634;71;74;114;53.5;86;80
40635;;;;;;
40636;;;;;;
40637;70;74;112;53.5;85;80
40638;71;75;114;53.5;86;81
40639;64;64;103;46;80;74
40640;70;72;95;53;85;78.5
40641;70;72;94.75;54.5;84;79
40642;;;;;;
40643;;;;;;
40644;70;69.5;95;53;85;78.5
40645;64;64;103;46;80;74
40646;69;71;111;52.5;83;79
40647;69;69;110;51;85;78
40648;68.5;69.5;111;54.5;82;79
40649;;;;;;
40650;;;;;;
40651;72.5;73.5;93.25;56.5;85;82
40652;70.5;72.5;94;54.5;84;81
40653;68.5;69.5;110;53.5;82;80
40654;68;69;111;51;81;77
40655;;;;;;
40656;;;;;;
40657;;;;;;
40658;;;;;;
40659;69.5;70.5;112;55.5;82;81
40660;69.5;64;100;46;99.48;81
40661;68;69;94;54;97.81;104.5
40662;;;97;;100.5;97.5
40663;;;;;;
40664;;;;;;
40665;;;;;;
40666;69.5;65;95.25;48;98.25;99
40667;67.5;67.5;94.5;54.5;81;108.5
40668;64;64;94.25;46;77;108.75
40669;66.5;66.5;109;51.5;97.81;80
40670;;;;;;
40671;;;;;;
40672;67.5;67.5;110;53.5;82;81
40673;67.5;66;112.5;51.5;98.25;99
40674;67.5;66.5;111;51.5;81;80
40675;68.5;66.5;111;51.5;81;79
40676;68;63;95.75;49.5;78;80
40677;;;;;;
40678;;;;;;
40679;68;63;95.75;49.5;98.9;75
40680;67.5;65.5;112;50.5;81;79
40681;68.5;65.5;112;50.5;82;80
40682;75;66.5;118;50;98.25;99
40683;68.5;67.5;95.75;51.5;82;81
40684;;;;;;
40685;;;;;;
40686;71;69;117.5;54;83;79
40687;74;77;116;57;90;87
40688;68;63;115;49.5;78;75
40689;74;77;116;54;87;97.25
40690;71;69;95.5;54;83;97.375
40691;;;;;;
40692;;;;;;
40693;;;95.5;;;
40694;70.5;72;116;53.5;84;82
40695;67;67;95.5;47;80;81
40696;68.5;66;118;51.5;85;83
40697;59;64;118;51.5;85;83
40698;;;;;;
40699;;;;;;
40700;68.5;68.5;116;51.5;85;83
40701;67.5;67.5;115;50.5;84;82
40702;66;66;116;47;81;81
40703;70.5;70.5;95;53.5;87;85
40704;71.5;72.5;122;54.5;87;85
40705;;;;;;
40706;;;;;;
40707;72.5;73.5;95.25;54.5;88;86
40708;69.5;71.5;95.25;53.5;87;85
40709;72.5;74.5;125.5;55.5;90;87
40710;75.5;77.5;94.75;57.5;93;90
40711;77.5;79.5;125;54.5;92.5;92.5
40712;;;;;;
40713;;;;;;
40714;72;72.5;118.5;54.5;89.5;86.5
40715;70;71.5;116.5;53.5;87.5;84.5
40716;72;72.5;117.5;54.5;88.5;85.5
40717;76;78.5;123.5;59.5;94.5;90.5
40718;76;78.5;125.5;59.5;95.5;91.5
40719;;;;;;
40720;;;;;;
40721;82.5;82.5;150;58.5;98.25;98.5
40722;84.5;69;138;65;99.5;95.5
40723;75;84;153;61;106;100
40724;72;81;150;58;103;97
40725;80.5;69;145;63.5;100;98
40726;;;;;;
40727;;;;;;
40728;76;99.5;140;60;99.25;93
40729;76;79;142.5;60;97.5;93
40730;;69;;;99.25;100.5
40731;75;84;153;58;97;97
40732;81;69;160;61;110;110
40733;;;;;;
40734;;;;;;
40735;81;92;160;69;117.5;115
40736;94;91;155;68;113;114
40737;93;89;152;66;112;112
40738;94;90;154;67;113;113
40739;97;93;159;69;117;117
40740;;;;;;
40741;;;;;;
40742;98;100;170;75;115;101.5
40743;97;93;159;69;117;117
40744;90;87;149;64;109;110
40745;83;82;145;62;100;100
40746;82;81;142;61;98;98
40747;;;;;;
40748;;;;;;
40749;85;84;149;64;103;103
40750;74;81;157;56;97;97
40751;86;86;150;66;104;104
40752;95;95;160;63;115;107
40753;97;100;175;75;120;120
40754;;;;;;
40755;;;;;;
40756;110;110;178;73;126;124
40757;115;120;195;73;135;125
40758;115;118;191;84;131;131
40759;117;119;190;84;133;133
40760;104;120;180;85;135;135
40761;;;;;;
40762;;;;;;
40763;135;135;205;95;150;155
40764;119;119;213;88;139;144
40765;125;128;218;94.5;143;143
40766;132;139;242;103;159;165
40767;125;132;229;99;149;158
40768;;;;;;
40769;;;;;;
40770;125;125;190;92;130;135
40771;134;165;206;99;156;155
40772;133;135;206;97;153;153
40773;134;135;216;99;161;161
40774;132;139;229;105;157;165
40775;;;;;;
40776;;;;;;
40777;139;140;227;101;167;167
40778;144;145;241;105;175;175
40779;144;145;240;106;176;176
40780;129;141;245;103;171;174
40781;140;150;245;105;178;195
40782;;;;;;
40783;;;;;;
40784;146;;197;;;190
40785;141;141;228;102;185;184
40786;134;134;220;97;177;176
40787;118;115;220;100.24;146;100.98
40788;140;140;235.5;91.5;186;103
40789;;;;;;
40790;;;;;;
40791;133;130;226;93;165;180
40792;147;150;250.5;107;199;198
40793;142;145;242.5;104;192;192
40794;129;126;232;93;171;178
40795;140;137;245;102;86.5;195
40796;;;;;;
40797;;;;;;
40798;165;175;282.5;120;215;215
40799;167;172;277.5;130;215;215
40800;162;167;267.5;120;205;205
40801;149;155;250.5;113;195;195
40802;155;150;255;120;195;209
40803;;;;;;
40804;;;;;;
40805;174.5;100.225;277.5;100.135;220;220
40806;173;;270;122;220;220
40807;165;;267.5;115;210;210
40808;166;;267;;206;218
40809;192;;316;;238;256
40810;;;;;;
40811;;;;;;
40812;187;;300.5;100.825;240;240
40813;181;101.5;303;;226;249
40814;175;183;267.5;;215;207.5
40815;173;183;270.5;100.15;215;100.835
40816;184;178;287;135;229;210
40817;;;;;;
40818;;;;;;
40819;182;192;285.5;137;230;220.5
40820;187;197;294.5;140;237;227.5
40821;175;185;275;132;220;212.5
40822;167;177;257.5;127;210;202.5
40823;165;175;252.5;126;205;197.5
40824;;;;;;
40825;;;;;;
40826;163;173;247.5;124;203;194.5
40827;162;160;247.5;125;203;195.5
40828;155;160;237.5;122;195;184.5
40829;155;143;255;117;204;188
40830;155;160;247.5;127;96.5;97
40831;;;;;;
40832;;;;;;
40833;153;158;247.5;125;197;184.5
40834;157;162;255;123;100.953;189.5
40835;152;157;247.5;125;197;186.5
40836;155;160;250;127;201;189.5
40837;155;160;257.5;127;195;89
40838;;;;;;
40839;;;;;;
40840;155;160;265;125;97;97
40841;150;155;247.5;125;190;182.5
40842;147;152;242.5;122;185;177.5
40843;147;143;227;117;204;188
40844;130;135;215.5;112;160;157.5
40845;;;;;;
40846;;;;;;
40847;140;145;235.5;119;175;172.5
40848;155;149;255;126;213;191
40849;160;160;265;120;185;185
40850;155;149;252;126;213;191
40851;158;152;258;129;216;194
40852;;;;;;
40853;;;;;;
40854;;;;98;98.5;97
40855;155;150;260;125;200;190
40856;162.5;162.5;262.5;132.5;192.5;192.5
40857;164.5;164.5;267.5;134.5;194.5;194.5
40858;155;160;260.5;126;195;187.5
40859;;;;;;
40860;;;;;;
40861;159;160;269;125;200;196
40862;166;163;278;131;206;205
40863;160;173;282.5;137;213;205.5
40864;160;165;272.5;135;205;197.5
40865;163;;275;;;
40866;;;;;;
40867;;;;;;
40868;163;170;275.5;133;210;202.5
40869;175;175;290;;220;210
40870;187.5;184;312.5;;237.5;232.5
40871;195;180;300;;240;240
40872;225;180;330;;280;
40873;;;;;;
40874;;;;;;
40875;205;;315;;245;245
40876;205;185;315;;245;245
40877;173;;327;;242;226
40878;170;175;305;155;210;210
40879;156;177;289;151;225;207
40880;;;;;;
40881;;;;;;
40882;155;220;270;150;195;100.625
40883;165;165;260;155;205;205
40884;155;164.5;250;150;195;195
40885;160;160;255;155;200;200
40886;180.5;189.5;302.5;164;225;217.5
40887;;;;;;
40888;;;;;;
40889;190.5;200.5;317.5;170;240;230
40890;185.5;195.5;312.5;167;235;225
40891;190.5;197.5;317.5;170;238;228
40892;176;177;330;145;236;239
40893;176;177;330;145;236;239
40894;;;;;;
40895;;;;;;
40896;175;175;315;175;225;225
40897;;;;;;
40898;170;165;295;170;205;89.5
40899;170;170;280;170;215;210
40900;164.5;164.5;265;155;204;196
40901;;;;;;
40902;;;;;;
40903;;;;;;
40904;;;;;;
40905;;;;;;
40906;167.5;167.5;270;157;208;200
40907;169;177;298;145;236;239
40908;;;;;;
40909;;;;;;
40910;;;;;;
40911;162;165;285.5;133;219;220
40912;162;165;301.5;133;219;220
40913;170;195;290;170;205;97.5
40914;159;177;317.5;142;233;232
40915;;;;;;
40916;;;;;;
40917;173;173;317.5;170;215;220
40918;170;174;311.5;139;227;226
40919;172.5;172.5;285;158;207;207
40920;168.5;168.5;275;155;205;203
40921;155;230;280;145;190;190
40922;;;;;;
40923;;;;;;
40924;160;165;285;155;200;100.7
40925;160;225;270;155;200;92.5
40926;150;225;265;145;195;185
40927;156;149;252.5;138.5;183;195
40928;150;155;241.5;;174;188
40929;;;;;;
40930;;;;;;
40931;142.5;132.5;208;;174;95.5
40932;153;146;247.5;130;183;95.5
40933;150.5;123;242;130;183;95.5
40934;139;128;229.5;;269.6;167
40935;141.5;134.5;216.5;;166;95.75
40936;;;;;;
40937;;;;;;
40938;126;130;215;;167;95.5
40939;143;131;235.5;121;162;176
40940;151;135;239;124;167;181
40941;139;128;223.5;121;157;170
40942;119;122;187;103;151;148
40943;;;;;;
40944;;;;;;
40945;;;127.5;;;96.5
40946;133.5;126.5;212;113;158;158.5
40947;111;;205;;140;96.5
40948;120.5;120;223;125;142.5;170
40949;143;125;241.5;124;160;96
40950;;;;;;
40951;;;;;;
40952;135;135;241.5;125;180;99
40953;153;130;245.5;124;168;173
40954;144;130;227;102;174;142
40955;144;136;227;102;174;179
40956;140;125;248.5;102.095;162;167
40957;;;;;;
40958;;;;;;
40959;140;122;245.5;114;160;164
40960;139.5;132.5;235;102.255;171;164.5
40961;;106;;102.26;;99
40962;;106;;;;99
40963;132;122;254.5;114;171;169
40964;;;;;;
40965;;;;;;
40966;133.5;106;252;108;169;97.25
40967;125.5;106;257.5;109.5;165;97.25
40968;129;109;265;108;162;97.25
40969;129;106;238.5;105;157;157
40970;130;106.25;260;110;170;99.12
40971;;;;;;
40972;;;;;;
40973;130;106.25;265;110;170;97.25
40974;138;114;280;111;162;99.12
40975;135;131.5;275;109;174;169.5
40976;135;125.5;265;105;165;160.5
40977;130;135;311;115;175;97
40978;;;;;;
40979;;;;;;
40980;135;140;275;120;175;97.5
40981;134;112;238;108;159;97.5
40982;134;109;238;105;156;97.5
40983;130;135;260;115;165;97.5
40984;134;109;235;102;153;97.5
40985;;;;;;
40986;;;;;;
40987;125;130;232;110;160;97.5
40988;130;135;125;115;165;97.5
40989;130;135;240;;165;97.5
40990;135;117;250;111;162;97.5
40991;;;;;;99.12
40992;;;;;;
40993;;;;;;
40994;135;135;250;102.075;155;97.5
40995;138;114;235;108;159;97.5
40996;138;120;260;114;165;166
40997;147;129.5;283;105;170;165.5
40998;135;130.5;300;125;172;167.5
40999;;;;;;
41000;;;;;;
41001;135;140;300;187.5;165;170
41002;135;140;290;120;165;170
41003;135;140;295;120;165;170
41004;140;145;;125;170;175
41005;;;;187.5;;96.75
41006;;;;;;
41007;;;;;;
41008;;;;;;96.75
41009;155;155;330;135;185;185
41010;160;150;341;133;185;188
41011;150;150;330;130;185;185
41012;166;155;332;133;188;191
41013;;;;;;
41014;;;;;;
41015;166;155;341;187.5;188;99.25
41016;160;160;340;187.5;195;96.25
41017;155;155;330;130;190;185
41018;163;155;348;136;191;194
41019;155;155;354;187.5;190;96.25
41020;;;;;;
41021;;;;;;
41022;160;160;330;187.5;195;96
41023;160;160;330;187.5;195;96.1
41024;155;155;325;130;188.6;96
41025;;;;102.635;188.6;96
41026;160;160;320;135;190;95
41027;;;;;;
41028;;;;;;
41029;160;160;320;135;190;190
41030;155;155;315;130;185;185
41031;155;155;315;130;185;185
41032;;;;102.42;;99.37
41033;155;155;315;130;185;185
41034;;;;;;
41035;;;;;;
41036;;;;;188.6;
41037;;140.5;310;131;185;188
41038;155;153;320;125;190;190
41039;165;142.5;310;118;180;177.5
41040;165;165;330;187.5;195;195
41041;;;;;;
41042;;;;;;
41043;175;175;340;100.325;188.6;205
41044;179;170;343;135;203;205
41045;188;;362;144;212;215
41046;188;;356;138;206;205
41047;;;;187.5;;99.25
41048;;;;;;
41049;;;;;;
41050;;;;187.5;;
41051;175;159.5;320;113;185;182.5
41052;182;165;362;132;200;199
41053;182;170;335;126;194;192
41054;165;170;340;187.5;205;200
41055;;;;;;
41056;;;;;;
41057;165;170;340;145;205;99.37
41058;169;170;329;120;188;186
41059;173;170;343;123;194;192
41060;166;165.5;350;123;194;192
41061;;;;;;96.5
41062;;;;;;
41063;;;;;;
41064;;;;;;96
41065;;;;100.87;;96
41066;160;;340;120;188;186
41067;151;170;327;114;177;173
41068;151;170;330;187.5;193;96
41069;;;;;;
41070;;;;;;
41071;151;160;317;164.5;171;96
41072;157;;343;120;188;189
41073;170;170;330;187.5;205;96.5
41074;165;165;340;130;195;96.5
41075;165;159.5;317.5;111;187;96.5
41076;;;;;;
41077;;;;;;
41078;160;160;335;127;190;185
41079;;162.5;320.5;112;187;97
41080;;;;;;97.5
41081;160;160;335;165.6;190;97.5
41082;;;;165.6;;97.5
41083;;;;;;
41084;;;;;;
41085;160;160.5;320.5;115;190;185.5
41086;165;160.5;315;120;185;185
41087;160;160.5;329.5;120;185;185
41088;;160.5;330;120;185;185
41089;135;;316;115;180;180
41090;;;;;;
41091;;;;;;
41092;129;140.5;310;111;174;173
41093;;;304;110;180;175
41094;;;240.4;110;180;175
41095;132;144.5;313;113;177;176
41096;148.5;150.5;302;110;180;180
41097;;;;;;
41098;;;;;;
41099;;;320;110;185;180
41100;;;320;143;175;180
41101;;;;110;185;180
41102;;;;110;185;180
41103;;;320;110;185;180
41104;;;;;;
41105;;;;;;
41106;;;;110;185;180
41107;;;;110;185;180
41108;150;155;335;110;185;180
41109;;;;110;185;180
41110;150;155;335;115;190;185
41111;;;;;;
41112;;;;;;
41113;144;160;336;120;195;190
41114;135;160;330;110;175;180
41115;;144;;110;175;180
41116;;;;105;170;175
41117;;;;105;170;175
41118;;;;;;
41119;;;;;;
41120;;;;105;170;175
41121;;;;100;165;170
41122;145;150;330;100;165;170
41123;140;145;325;100;165;170
41124;122;;285;100;165;170
41125;;;;;;
41126;;;;;;
41127;135;140;280;100;160;155
41128;135;140;266;107;160;155
41129;135;140;260;100.235;160;155
41130;135.5;131.5;256;97.5;155;150
41131;;;240;;155;155
41132;;;;;;
41133;;;;;;
41134;;;237.5;93;155;155
41135;125;130;241;100.235;155;155
41136;125;130;245;105;155;155
41137;125;130;235;118;155;155
41138;125;130;235;165;155;155
41139;;;;;;
41140;;;;;;
41141;125;130;235;105;150;150
41142;128.5;125.5;226;93.5;150;150
41143;125;126.5;218;93;146;146
41144;125;;220;;150;150
41145;135;130;225;105;155;155
41146;;;;;;
41147;;;;;;
41148;;;;;;
41149;135;;225;97;155;155
41150;135;130;225;100.213;155;155
41151;135;130;225;100.205;155;155
41152;;;;;155;155
41153;;;;;;
41154;;;;;;
41155;;;;;155;155
41156;;;;;155;155
41157;125;;233;86;134;137
41158;113;;221;83;128;130
41159;;;;;148;148
41160;;;;;;
41161;;;;;;
41162;;;204.5;87;145;145
41163;;;221;79;147;147
41164;113;;199;80;125;130
41165;;;195;95;144;145
41166;100;;187;75;116;118
41167;;;;;;
41168;;;;;;
41169;106.5;;187;75;120;120
41170;;;;;115;120
41171;;;;;120;120
41172;106.5;100;193;75;125;125
41173;100;100;190;87;125;125
41174;;;;;;
41175;;;;;;
41176;105;105;195;88;127.5;127.5
41177;;;190.5;85;132.5;132.5
41178;110;110;205;90;137.5;137.5
41179;110;110;205;99.9;137.5;137.5
41180;110;105;210;90;135;130
41181;;;;;;
41182;;;;;;
41183;110;105;205;90;137.5;137.5
41184;110;105;205;90;137.5;132.5
41185;;;195.5;85;137.5;132.5
41186;103.5;;184;81;137.5;127.5
41187;100;100;185;87;132.5;122.5
41188;;;;;;
41189;;;;;;
41190;90;100;190;87;132.5;122.5
41191;90;100;185;87;132.5;122.5
41192;90;99.25;185;;138;127.5
41193;100.5;;177;81;138;127.5
41194;;;;;130;130
41195;;;;;;
41196;;;;;;
41197;92.5;95.5;;81;134;124
41198;89.5;88;174;79;125;125
41199;86.5;85;168;76;125;125
41200;;85;;;122.5;122.5
41201;90;85;;;122.5;122.5
41202;;;;;;
41203;;;;;;
41204;;85;;;122.5;122.5
41205;92.5;92;171;78;127.5;127.5
41206;;90;;;127.5;127.5
41207;100;90;180;85;127.5;127.5
41208;92.5;100;174;78;135;135
41209;;;;;;
41210;;;;;;
41211;92.5;100;174;78;135;135
41212;100;95;170;85;135;135
41213;100;93;170;85;130;130
41214;89.5;93;159;77;125;125
41215;;93;150;;125;125
41216;;;;;;
41217;;;;;;
41218;;93;;;125;125
41219;100;93;160;80;125;125
41220;;90;;;115;115
41221;90;90;155;80;115;115
41222;88.5;92;153;77;120;120
41223;;;;;;
41224;;;;;;
41225;90;88.5;155;80;120;120
41226;92;90;155;81;120;120
41227;92;90;155;81;120;120
41228;;86;147.5;75;120.5;112.5
41229;92;90;148.5;75;120;120
41230;;;;;;
41231;;;;;;
41232;85.5;90;147;75;120;120
41233;95;90;155;81;120;120
41234;;90;;;120;120
41235;82.5;90;138;77;120;120
41236;;90;137.5;74;120;120
41237;;;;;;
41238;;;;;;
41239;95;88.5;148;;120;115
41240;82.5;88.5;150;82;120;115
41241;;90.5;143.5;78;122;117
41242;90;88.5;145;83;115;110
41243;80.5;88.5;135;78;115;110
41244;;;;;;
41245;;;;;;
41246;;87.5;;;115;110
41247;77.5;84.5;130;75;110;108.5
41248;100.25;85.5;;;110;105
41249;;85.5;;;110;105
41250;;85.5;;;110;105
41251;;;;;;
41252;;;;;;
41253;;87.5;;;115;110
41254;85;87.5;140;80;115;110
41255;85;87.5;140;80;115;110
41256;100.25;84.5;;;110;105
41257;;84.5;;;110;105
41258;;;;;;
41259;;;;;;
41260;85;84.5;140;75;110;105
41261;77.5;82.5;127;74;105;100
41262;80;82.5;135;70;105;100
41263;;82.5;;;105;100
41264;;82.5;;;105;100
41265;;;;;;
41266;;;;;;
41267;;82.5;;;105;100
41268;;;;;;
41269;;;;;;
41270;;82.5;;;105;100
41271;;77;116.5;71;105.5;101.5
41272;;;;;;
41273;;;;;;
41274;80;82.5;135;71;105;100
41275;;;;;;
41276;73;80;130;66;103;97
41277;77.5;80;121;69;103;97
41278;;80;;;103;97
41279;;;;;;
41280;;;;;;
41281;80;80;130;66;100;95
41282;73;74.5;130;66;100;95
41283;73;73;130;66;100;95
41284;73;73;130;66;100;95
41285;;75;;;100;95
41286;;;;;;
41287;;;;;;
41288;74.5;71.5;116;64;100;95
41289;76.5;71.5;121;64;95;91.5
41290;;75;;;95;90
41291;;75;115;;95;90
41292;75;73;125;67;95;90
41293;;;;;;
41294;;;;;;
41295;75;77;120;67;95;90
41296;75;75;120;67;95;90
41297;75;73;104;67;90;90
41298;75;73;120;67;95;90
41299;;75;96.625;;95;90
41300;;;;;;
41301;;;;;;
41302;;75;;;95;90
41303;80;75;130;70;98;93
41304;;77;;;100;95
41305;84.5;82.5;132;72.5;102.5;97.5
41306;;80;;;105;97
41307;;;;;;
41308;;;;;;
41309;;80;;;105;97
41310;;83;;;105;97
41311;;83;105.125;54;105;97
41312;;75;105;54;105;97
41313;;83;;53;105;97
41314;;;;;;
41315;;;;;;
41316;;80;;;100;95
41317;;75;116;;95;92
41318;77.5;69.5;113;64;90;87.5
41319;;73;;;93;90
41320;;73;;;93;90
41321;;;;;;
41322;;;;;;
41323;75;73;120;;93;90
41324;75;73;120;70.5;93;90
41325;75;73;120;55.08;93;90
41326;75;75;120;;93;90
41327;77;75;122;70.5;93;90
41328;;;;;;
41329;;;;;;
41330;77;73;125.5;70;93;90
41331;78.5;69.5;121;64;90;87.5
41332;;82;135.5;74;95;101.5
41333;78.5;68.5;121;62;95;92
41334;;;;;95;92
41335;;;;;;
41336;;;;;;
41337;80.5;80.5;128;71.5;95;92
41338;77.5;77.5;125;70.5;110;92
41339;77.5;77.5;125;70.5;93;90
41340;76.5;66.5;124;61;97;90
41341;73.5;64.5;121;59;100;90
41342;;;;;;
41343;;;;;;
41344;77.5;77.5;125;70.5;100;90
41345;77.5;77.5;125;70.5;100;90
41346;77.5;77.5;120;70.5;105;95
41347;75.5;75.5;123;68.5;105;95
41348;75.5;73;120.5;68;102;92
41349;;;;;;
41350;;;;;;
41351;82.5;82.5;130;75.5;108;98
41352;82.5;82.5;130;75.5;108;98
41353;84.5;85;132;77.5;115;100
41354;84.5;85;132;77.5;115;100
41355;84.5;87;132;77.5;120;110
41356;;;;;;
41357;;;;;;
41358;84.5;84.5;132;77.5;115.5;97.5
41359;89.5;89.5;137;82.5;120;110
41360;89.5;91.5;138;84.5;125;115
41361;91.5;91.5;139;84.5;125;115
41362;;;;;;
41363;;;;;;
41364;;;;;;
41365;;;;;;
41366;91.5;87;132.5;84.5;117.5;115
41367;86.5;87;134;79.5;125;115
41368;86.5;86.5;134;79.5;117.5;99.5
41369;86.5;86.5;134;79.5;117.5;99.5
41370;;;;;;
41371;;;;;;
41372;86.5;87;134;79.5;125;115
41373;80.5;85;132;75.5;125;115
41374;76.5;85;128;71.5;115;110
41375;73.5;85;125;68.5;110;100
41376;73.5;85;125;68.5;110;100
41377;;;;;;
41378;;;;;;
41379;73.5;85;125;68.5;110;100
41380;75.5;85;127;70.5;115;105
41381;74.5;85;126;69.5;110;105
41382;74.5;85;126;69.5;110;105
41383;74.5;80;126;69.5;110;105
41384;;;;;;
41385;;;;;;
41386;72.5;78;124;67.5;105;100
41387;76.5;63.5;119;59;103;86.5
41388;69.5;75;121;65.5;100;95
41389;69.5;75;121;65.5;95;95
41390;69.5;75;121;65.5;95;95
41391;;;;;;
41392;;;;;;
41393;67.5;75;118;63.5;95;95
41394;;75;;;90;90
41395;;75;;;90;90
41396;67.5;75;118;63.5;90;90
41397;69.5;73;108;59.5;90;90
41398;;;;;;
41399;;;;;;
41400;;;;;;
41401;59.5;70;110;56.5;90;90
41402;58.5;70;109;55.5;87.5;87.5
41403;65.5;70;109;60.5;87.5;87.5
41404;;70;;;87.5;87.5
41405;;;;;;
41406;;;;;;
41407;65.5;70;109;60.5;87.5;87.5
41408;67.5;70;111;61.5;87.5;87.5
41409;67.5;65;115;58;87.5;87.5
41410;68.5;65;110;65;87.5;87.5
41411;68.5;65;103.5;62.5;87.5;87.5
41412;;;;;;
41413;;;;;;
41414;72.5;62;102.5;57;87.5;87.5
41415;;62;;;87.5;87.5
41416;64.5;62;102;59.5;87.5;87.5
41417;62.5;62;104;56.5;90;90
41418;;62;;;92;92
41419;;;;;;
41420;;;;;;
41421;;;;;;
41422;62.5;62;104.25;56.5;90;90
41423;65.5;62;105.5;58.5;90;90
41424;70.5;62;110;60.5;90;90
41425;75.5;62;115.5;52;95;90
41426;;;;;;
41427;;;;;;
41428;71.5;62;111;61.5;100;90
41429;71.5;62;111;61.5;98;88
41430;55.75;63;117.5;55;100;90
41431;75.5;63;115;65.5;105;95
41432;75.5;63;115;65.5;105;95
41433;;;;;;
41434;;;;;;
41435;;63;;;105;95
41436;80.5;65;120;67.5;110;100
41437;80.5;65;120;67.5;110;100
41438;;67;125;65;110;100
41439;;67;120;68.5;105;95
41440;;;;;;
41441;;;;;;
41442;79.5;67;120;66.5;105;95
41443;;70;125;;110;100
41444;;70;120;59;110;100
41445;;72;130;75.5;120;110
41446;;75;130;;120;115
41447;;;;;;
41448;;;;;;
41449;;81.5;139.5;80;117;104.5
41450;;77;130;65;125;120
41451;;75;135;77;120;110
41452;;75.5;125;74;106;93.5
41453;;75;135;;120;110
41454;;;;;;
41455;;;;;;
41456;;75;135;64;120;110
41457;;75;135;;120;110
41458;;77;140;64;125;115
41459;;77;140;;125;115
41460;;70;115;;125;90
41461;;;;;;
41462;;;;;;
41463;79.5;75;130;68.5;120;110
41464;76.5;73;125;65.5;115;105
41465;79.5;73;115;66.5;115;105
41466;77.5;73;125;64.5;115;105
41467;77.5;73;130;64.5;120;110
41468;;;;;;
41469;;;;;;
41470;76.5;73;125;64.5;115;105
41471;76.5;73;125;69.5;115;105
41472;76.5;73;125;70.5;115;100
41473;76.5;73;125;69.5;115;100
41474;76.5;70;125;69.5;115;100
41475;;;;;;
41476;;;;;;
41477;76.5;70;125;70.5;115;100
41478;76.5;70;120;69.5;110;95
41479;76.5;70;120;69.5;110;95
41480;81.5;70;120;72.5;110;95
41481;80.5;70;120;71.5;110;95
41482;;;;;;
41483;;;;;;
41484;80.5;70;120;71.5;110;95
41485;78.5;70;120;69.5;110;95
41486;;70;120;69.5;110;95
41487;;68;115;;110;95
41488;;68;117;;110;95
41489;;;;;;
41490;;;;;;
41491;;68;117;68.5;110;95
41492;78.5;68;117;69.5;110;95
41493;80.5;68;117;71.5;110;95
41494;;68;117;;110;95
41495;80.5;68;117;71.5;110;95
41496;;;;;;
41497;;;;;;
41498;80.5;68;117;71.5;110;95
41499;;65;115;;107;93
41500;80.5;65;115;71.5;107;93
41501;83.5;75.5;120;74.5;114.5;100.5
41502;;65;120;;112;97
41503;;;;;;
41504;;;;;;
41505;83.5;65;120;67.5;110;95
41506;80.5;68;123;74.5;115;100
41507;80.5;68;123;74.5;115;100
41508;;68;123;;115;100
41509;;68;123;;115;100
41510;;;;;;
41511;;;;;;
41512;;;;;;
41513;80.5;70;125;74.5;118;103
41514;80.5;70;125;69.5;115;95
41515;75.5;70;125;69.5;115;95
41516;75.5;70;125;68.5;115;95
41517;;;;;;
41518;;;;;;
41519;74.5;69;125;67.5;115;95
41520;72.5;69;115;59;110;90
41521;72.5;70;120;65.5;113;93
41522;72.5;67.5;115;65.5;110.5;95.5
41523;72.5;70;120;59;113;93
41524;;;;;;
41525;;;;;;
41526;71.5;70;120;64.5;113;93
41527;;70;118;;110;90
41528;70.5;70;117;63.5;107;88
41529;;70;117;;107;88
41530;71.5;70;117;64.5;107;88
41531;;;;;;
41532;;;;;;
41533;69.5;68;115;62.5;105;85
41534;69.5;68;115;62.5;105;85
41535;68.5;68;115;67.5;105;85
41536;70;65;110;56.5;100;80
41537;70;65;110;60.5;100;80
41538;;;;;;
41539;;;;;;
41540;70;65;110;65.5;100;80
41541;70;65;115;65.5;105;85
41542;70.5;64.5;105;65.5;100.5;91.5
41543;70;65;115;64.5;105;85
41544;70;65;115;66.5;105;85
41545;;;;;;
41546;;;;;;
41547;70;65;120;69.5;108;88
41548;70;65;120;60.5;108;88
41549;70;65;101.5;68.5;108;88
41550;70;65;115;;108;88
41551;70;65;115;59;108;88
41552;;;;;;
41553;;;;;;
41554;70;65;115;64.5;108;88
41555;72.5;66.5;104;64.5;101.5;91.5
41556;74.5;68.5;106;66.5;103.5;93.5
41557;72.5;66.5;103;64.5;101.5;91.5
41558;70.5;64.5;92.5;62.5;99.5;89.5
41559;;;;;;
41560;;;;;;
41561;70;65;110;;100;85
41562;68;63;95;56.5;95;85
41563;68.5;62.5;94;60.5;94.5;84.5
41564;68;63;93;60.5;90;85
41565;68;63;93;59.5;90;85
41566;;;;;;
41567;;;;;;
41568;68;63;93;58.5;90;85
41569;68;63;90;59.5;90;85
41570;68;63;90;59.5;90;85
41571;68;63;90;59.5;90;85
41572;68;63;90;61.5;90;85
41573;;;;;;
41574;;;;;;
41575;68;63;90;61.5;90;85
41576;65;60;85;60.5;85;80
41577;68.5;62.5;91;60.5;94.5;84.5
41578;65;60;90;59.5;85;80
41579;67.5;61.5;90;59.5;93.5;83.5
41580;;;;;;
41581;;;;;;
41582;66.5;60.5;89;58.5;92.5;82.5
41583;65.5;59.5;88;57.5;91.5;81.5
41584;65;60;92;56.5;85;80
41585;63.5;57.5;86;53.5;88.5;78.5
41586;65;60;88.5;55.5;83;78
41587;;;;;;
41588;;;;;;
41589;65;60;88.5;55.5;83;78
41590;65;60;88.5;56.5;83;78
41591;65;60;92;58.5;85;80
41592;65;60;90;57;85;80
41593;65;60;90;59.5;85;80
41594;;;;;;
41595;;;;;;
41596;65;60;90;58.5;85;80
41597;65;60;90;58.5;85;80
41598;65;60;90;57.5;85;80
41599;65;60;90;55.5;85;80
41600;60.5;56.5;84;54.5;90.5;79.5
41601;;;;;;
41602;;;;;;
41603;59.5;56.5;83;53.5;88.5;78.5
41604;65;60;87;53.5;85;78
41605;65;60;87;52.5;85;78
41606;63;58;87;51.5;85;77
41607;63;58;87;;85;77
41608;;;;;;
41609;;;;;;
41610;63;58;87;;85;78
41611;63;58;88;;87;80
41612;63;58;88;;87;80
41613;63;58;88;;87;80
41614;63;58;88;;87;80
41615;;;;;;
41616;;;;;;
41617;63;58;88;;87;80
41618;63;56.5;88;53.5;86.5;77.5
41619;63;58;88;;87;80
41620;63;58;88;;87;80
41621;63;58;101.25;;87;80
41622;;;;;;
41623;;;;;;
41624;57.5;55.5;81;51.5;86.5;76.5
41625;57.5;55.5;81;51.5;86.5;76.5
41626;57.5;55.5;88;51.5;87;80
41627;61;56;85;52.5;85;75
41628;63;58;86;;87;77
41629;;;;;;
41630;;;;;;
41631;63;58;85;;85;77
41632;63;58;85;;85;77
41633;;;;;;
41634;;;;;;
41635;63;58;85;;85;77
41636;;;;;;
41637;;;;;;
41638;63;58;85;;85;77
41639;63;58;85;;85;77
41640;;;;;;
41641;63;58;85;;85;77
41642;60;55;85;;85;75
41643;;;;;;
41644;;;;;;
41645;60;55;83;;83;73
41646;60;55;78.5;50.5;83;73
41647;60;55;83;;80;70
41648;60;55;83;;80;70
41649;60;55;83;;80;70
41650;;;;;;
41651;;;;;;
41652;60;55;83;;80;70
41653;60;55;83;;80;70
41654;60;55;83;;80;70
41655;60;55;83;51;80;70
41656;60;55;83;51;80;70
41657;;;;;;
41658;;;;;;
41659;60;55;85;;80;70
41660;60;55;85;;80;70
41661;60;55;83;50;80;70
41662;60;55;83;;80;70
41663;62;57;90;;83;80
41664;;;;;;
41665;;;;;;
41666;62;57;92;;83;77
41667;62;57;90;;83;77
41668;62;57;90;;83;78
41669;62;57;93;;85;80
41670;62;57;95;;85;80
41671;;;;;;
41672;;;;;;
41673;65;60;97;76;90;85
41674;67;62;95;54.5;90;85
41675;67;62;97;55;90;75
41676;67;62;97.5;53;90;75
41677;67;62;97.5;53;90;75
41678;;;;;;
41679;;;;;;
41680;67;62;92.5;53;88;75
41681;60;53;93.5;53;88;75
41682;60;53;92.5;52;78;70
41683;60;53;92.5;;78;70
41684;58;50;87.5;53;75;68
41685;;;;;;
41686;;;;;;
41687;58;50;85.5;52;75;68
41688;58;50;85.5;52;75;68
41689;58;50;87.5;52;75;68
41690;58;50;90;52;75;68
41691;58;50;90;52;75;68
41692;;;;;;
41693;;;;;;
41694;58;50;87;52;75;68
41695;58;50;87;50;75;68
41696;58;50;87;;75;68
41697;58;50;92;52;75;68
41698;58;50;90;52;75;68
41699;;;;;;
41700;;;;;;
41701;58;50;92;69;75;68
41702;58;50;90;;75;68
41703;58;50;90;52;75;68
41704;58;50;88;52;73;65
41705;58;50;88;52;73;65
41706;;;;;;
41707;;;;;;
41708;58;50;88;;73;65
41709;58;50;100.75;;73;65
41710;58;50;88;;73;65
41711;58;50;100.125;;73;65
41712;60;52;90;;75;67
41713;;;;;;
41714;;;;;;
41715;60;52;90;;75;67
41716;60;52;85;53;75;67
41717;60;52;85;52;75;67
41718;60;52;88;;75;67
41719;60;52;85;52;75;67
41720;;;;;;
41721;;;;;;
41722;60;52;87.5;;75;67
41723;60;52;88;;75;67
41724;60;52;87;55;75;67
41725;60;52;87.5;52;75;67
41726;60;52;85.5;;75;67
41727;;;;;;
41728;;;;;;
41729;58;54.5;86.5;54.5;77.5;69.5
41730;58;50;80;52;72;65
41731;58;50;80;52;72;65
41732;58;50;80;51;72;65
41733;58;50;88;50;72;65
41734;;;;;;
41735;;;;;;
41736;58;50;88;57;72;65
41737;58;51;77;50;71;64
41738;58;50;82.5;;72;65
41739;55;45;82;52;70;63
41740;55;45;84.5;54;72;65
41741;;;;;;
41742;;;;;;
41743;55;45;83;;70;63
41744;55;45;82.5;;72;65
41745;55;45;81;;70;65
41746;58;48;77.5;51;70;65
41747;;;;;;
41748;;;;;;
41749;;;;;;
41750;;;77.5;;;
41751;58;48;75.5;50;72;65
41752;58;48;74.5;50;72;65
41753;58;48;74.5;53;72;65
41754;58;48;76.5;;72;65
41755;;;;;;
41756;;;;;;
41757;58;48;76.5;;72;65
41758;58;48;76.5;;70;65
41759;58;48;75.5;48;70;65
41760;58;48;76.75;48;72;65
41761;;;76.75;;;
41762;;;;;;
41763;;;;;;
41764;;;76.75;;;
41765;;;76.75;;70;
41766;55;48.5;75.5;49.5;65.5;61.5
41767;55;48.5;76.75;49.5;66.5;61.5
41768;52;48;77.5;45;62.5;59
41769;;;;;;
41770;;;;;;
41771;51;46;79;45;62;60
41772;;;73;;;
41773;52;46;79;46;62.5;60
41774;54;47;79;28;62.5;60
41775;57;47;79;;72;65
41776;;;;;;
41777;;;;;;
41778;54;48;77.5;48;65.5;60
41779;;;77.5;48;;
41780;;;79;;;
41781;;;77.5;;;
41782;55;48;77.5;48;65.5;62
41783;;;;;;
41784;;;;;;
41785;;;;;;
41786;53;48;77.5;47;64;60
41787;53;46;77.5;46;64;60
41788;58;48;77.5;;70;65
41789;;;75.5;;;
41790;;;;;;
41791;;;;;;
41792;53;46;78.5;46;64;60
41793;49;42;78.5;42;62;50
41794;49;41.5;78.5;38.5;58.5;47.5
41795;49;41;78.5;41;61;48.5
41796;;;78.5;;;
41797;;;;;;
41798;;;;;;
41799;45;38;78.5;38;56;45.5
41800;47;37;75.5;37;58;46
41801;47;38;75.5;38;58;46.5
41802;47;38;75.5;38;58;46
41803;46;36;62.5;55;60;48
41804;;;;;;
41805;;;;;;
41806;47;38;78.5;38;58;46
41807;47;38;78;38;58;46
41808;47;38;77.5;38;58;46
41809;43;37;75.5;53;56;44
41810;47;37;64.5;;62;50
41811;;;;;;
41812;;;;;;
41813;46;37;77.5;53;53;46
41814;45;37;75.5;37;56;45
41815;;;75.5;53;;
41816;;;75.5;;;
41817;;;75.5;;;
41818;;;;;;
41819;;;;;;
41820;;;77.5;;;
41821;;;75.5;;;
41822;45;37;75.5;37;56;46
41823;45;37;70;37;56;45
41824;48;38;68;;60;50
41825;;;;;;
41826;;;;;;
41827;45;37;75.5;37;56;45
41828;45;37;75.5;37;56;45
41829;;;75.5;;;
41830;50.5;;74.5;;;
41831;53;43;75;;67;55
41832;;;;;;
41833;;;;;;
41834;50.5;42.5;77.5;40.5;62.5;49.5
41835;;;;;;
41836;;;;;;
41837;;;;;;
41838;49;40;72.5;39;56;48
41839;;;;;;
41840;;;;;;
41841;;;73.5;;;
41842;;;;;;
41843;;38.5;;;;
41844;49.5;39.5;72.5;;59.5;49.5
41845;47.5;37.5;73.5;40;57.5;47.5
41846;;;;;;
41847;;;;;;
41848;47.5;37.5;69.5;40;57.5;47.5
41849;47.5;37.5;73.5;37;57.5;47.5
41850;47.5;37.5;69.5;38;57.5;47.5
41851;47.5;37.5;72.5;37;57.5;47.5
41852;47.5;37.5;73.5;;57.5;47.5
41853;;;;;;
41854;;;;;;
41855;47.5;37.5;71.5;;57.5;47.5
41856;47.5;37.5;69.5;37;57.5;47.5
41857;47.5;37.5;72.5;;57.5;47.5
41858;47.5;37.5;72.5;;57.5;47.5
41859;52.5;50;76.5;;62.5;52.5
41860;;;;;;
41861;;;;;;
41862;52.5;50;72.5;41;62.5;52.5
41863;52.5;50;72.5;;62.5;52.5
41864;52.5;50;72.5;37;62.5;52.5
41865;52.5;49.5;75.5;39.5;59.5;47.5
41866;47;50;78;42;59;46
41867;;;;;;
41868;;;;;;
41869;52.5;50;75.5;35;62.5;52.5
41870;52.5;50;76.5;;62.5;52.5
41871;52.5;50;75.5;35;62.5;52.5
41872;52.5;47;76.5;35;60.5;50.5
41873;50.5;50;75;;60.5;50.5
41874;;;;;;
41875;;;;;;
41876;;;75;;;
41877;48.5;50;68.5;42;58.5;48.5
41878;48.5;48;66.5;42;58.5;48.5
41879;48.5;48;66.5;;58.5;48.5
41880;48.5;48;67.5;;58;48
41881;;;;;;
41882;;;;;;
41883;48.5;48;65.5;42;58.5;48.5
41884;48.5;60;65.5;;58.5;48.5
41885;48.5;57;65.5;;58;48
41886;48.5;57;73.5;;58.5;48.5
41887;48.5;57;73.5;;58.5;48.5
41888;;;;;;
41889;;;;;;
41890;70.5;57;75;;58.5;48.5
41891;50.5;55;68;;60.5;50.5
41892;50.5;55;75;;60.5;50.5
41893;50.5;55;75;;60;50
41894;50.5;55;68;;60.5;50.5
41895;;;;;;
41896;;;;;;
41897;50.5;55;68;;60.5;50.5
41898;50.5;55;68;;60.5;50.5
41899;47.5;55;69;;60.5;50.5
41900;45.5;55;67;;59.5;48.5
41901;45.5;55;67;;58.5;47.5
41902;;;;;;
41903;;;;;;
41904;48;58;70;42;62;50
41905;48;58;70;42;62;50
41906;48;56;70;41;59;49
41907;70.5;56;70;41;59;49
41908;48;56;73;42;59;49
41909;;;;;;
41910;;;;;;
41911;70.5;57;74;43;60;50
41912;49;57;71;43;60;50
41913;49;60;72;43;60;50
41914;49;57;72;43;60;50
41915;48;54;71.5;41;57;50
41916;;;;;;
41917;;;;;;
41918;49;57;72;43;60;50
41919;49;57;72;43;60;50
41920;49;57;72;43;60;50
41921;49;57;72;43;60;50
41922;49;57;72.5;43;60;50
41923;;;;;;
41924;;;;;;
41925;49.5;59;73;44.5;62;52
41926;45.5;59;70.5;44.5;62;52
41927;48;56;72.5;43;54;51
41928;47;63;79;46;62;54
41929;47;63;77;46;62;54
41930;;;;;;
41931;;;;;;
41932;47;63;68;46;62;54
41933;47;60;81.5;46;60;52
41934;47;60;68;46;60;52
41935;47;60;76;46;60;52
41936;47;60;77.5;46;60;52
41937;;;;;;
41938;;;;;;
41939;47;60;74;46;60;52
41940;45;57;74;43;57;50
41941;45;57;81.5;43;57;50
41942;46;55;81.5;41;54;50
41943;45;57;74;43;57;50
41944;;;;;;
41945;;;;;;
41946;45;57;74;43;57;50
41947;45.5;57.5;77.5;43.5;57.5;50.5
41948;45.5;57.5;74.5;43.5;57.5;50.5
41949;45.5;57.5;76.5;42.5;57.5;50.5
41950;45.5;57.5;76.5;42.5;57.5;50.5
41951;;;;;;
41952;;;;;;
41953;45.5;57.5;76.5;42.5;57.5;50.5
41954;45.5;57.5;75.5;42.5;57.5;50.5
41955;45.5;57.5;75.5;42.5;57.5;50.5
41956;42;51;72.5;36;51;45
41957;45.5;57.5;75.5;42.5;57.5;50.5
41958;;;;;;
41959;;;;;;
41960;44;53;78.5;38;53;47
41961;45.5;57.5;78.5;42.5;57.5;50.5
41962;45.5;57.5;77.5;42.5;57.5;50.5
41963;45.5;57.5;77.5;42.5;57.5;50.5
41964;45.5;55.5;76.5;42.5;55.5;48.5
41965;;;;;;
41966;;;;;;
41967;45.5;54.5;74.5;42.5;54.5;47.5
41968;45.5;54.5;74;42.5;54.5;47.5
41969;45.5;54.5;75.5;42.5;54.5;47.5
41970;45.5;54.5;74.5;42.5;54.5;47.5
41971;45.5;54.5;71;42.5;54.5;47.5
41972;;;;;;
41973;;;;;;
41974;48.5;58.5;74.5;43.5;55.5;48.5
41975;48.5;58.5;74.5;43.5;55.5;48.5
41976;44;50;71.5;36;50;44
41977;47;57;73.5;42;54;47
41978;47;57;72.5;42;54;47
41979;;;;;;
41980;;;;;;
41981;47;57;72.5;42;54;47
41982;44;57;73.5;42;54;47
41983;49;60;75.5;44;56;49
41984;49;60;75.5;44;56;49
41985;49;62;77.5;44;56;49
41986;;;;;;
41987;;;;;;
41988;49;62;78.5;44;56;49
41989;50;65;83;46;57;51
41990;53;59;79;44;58;52
41991;50;65;77.5;46;56;50
41992;50;65;77.5;46;56;50
41993;;;;;;
41994;;;;;;
41995;51;66;77.5;46;57;51
41996;53;55;72.5;40;52;51
41997;51;66;77.5;46;57;51
41998;;;;;;
41999;;;;;;
42000;;;;;;
42001;;;;;;
42002;51;66;77.5;46;57;51
42003;51;66;77.5;46;57;51
42004;54;56;69.5;41;53;49
42005;;;;;;
42006;50;55;71.5;43;55;51
42007;;;;;;
42008;;;;;;
42009;51.5;67.5;78.5;46.5;57.5;51.5
42010;52.5;68.5;79.5;46.5;58.5;52.5
42011;55;63;78.5;45;60;55
42012;52.5;68.5;77;46.5;58.5;52.5
42013;52.5;68.5;79;46.5;58.5;52.5
42014;;;;;;
42015;;;;;;
42016;52.5;68.5;77.5;46.5;58.5;52.5
42017;51.5;67.5;76.5;45.5;56.5;51.5
42018;52.5;67.5;76.5;45.5;56.5;51.5
42019;52.5;68.5;76.5;45.5;56.5;51.5
42020;52.5;68.5;77.5;45.5;56.5;51.5
42021;;;;;;
42022;;;;;;
42023;52.5;68.5;77.5;45.5;56.5;51.5
42024;51.5;67.5;86;44.5;55.5;50.5
42025;50.5;66.5;83;44.5;54.5;49.5
42026;50.5;66.5;76;44.5;54.5;49.5
42027;49.5;63.5;73.5;43.5;53.5;48.5
42028;;;;;;
42029;;;;;;
42030;49.5;63.5;73.5;43.5;53.5;48.5
42031;49.5;63.5;73.5;43.5;53.5;48.5
42032;49;60;70;39;55;49
42033;49.5;65.5;75.5;43.5;53.5;48.5
42034;49.5;65.5;75.5;43.5;53.5;48.5
42035;;;;;;
42036;;;;;;
42037;50.5;67.5;77.5;44.5;55.5;49.5
42038;49.5;66.5;75.5;43.5;55.5;48.5
42039;49.5;66.5;75.5;43.5;55.5;48.5
42040;49.5;66.5;74.5;43.5;54.5;48.5
42041;48.5;65.5;72.5;42.5;53.5;47.5
42042;;;;;;
42043;;;;;;
42044;48.5;65.5;73.5;42.5;53.5;47.5
42045;47.5;64.5;71.5;41.5;52.5;46.5
42046;47.5;64.5;71.5;41.5;52.5;46.5
42047;47.5;64.5;70.5;41.5;52.5;46.5
42048;46.5;63.5;65.5;40.5;51.5;45.5
42049;;;;;;
42050;;;;;;
42051;46.5;63.5;65.5;40.5;51.5;45.5
42052;47.5;64.5;65.5;41.5;52.5;46.5
42053;47.5;64.5;65.5;41.5;52.5;46.5
42054;46.5;63.5;63.5;40.5;51.5;45.5
42055;46.5;63.5;63.5;40.5;51.5;45.5
42056;;;;;;
42057;;;;;;
42058;46;56;63.5;39.5;49;47
42059;45.5;61.5;61.5;39.5;49.5;44.5
42060;45.5;61.5;60.5;39.5;49.5;44.5
42061;45.5;48.5;61.5;26.5;42.5;36.5
42062;44;60;58;39;48;44
42063;;;;;;
42064;;;;;;
42065;44.5;60.5;58.5;39.5;48.5;44.5
42066;44.5;60.5;58.5;39.5;48.5;44.5
42067;45;55;58;38;47;43
42068;44.5;60.5;57.5;25.5;42.5;35.5
42069;44.5;59.5;57.5;39.5;47.5;43.5
42070;;;;;;
42071;;;;;;
42072;44.5;59.5;57.5;39.5;47.5;43.5
42073;46.5;60.5;60.5;41.5;49.5;45.5
42074;46.5;60.5;60.5;41.5;49.5;45.5
42075;46;47.5;56.5;32.5;46.5;36.5
42076;46;60;57;41;49;45
42077;;;;;;
42078;;;;;;
42079;46.5;60.5;59.5;41.5;49.5;45.5
42080;47.5;61.5;60.5;42.5;50.5;46.5
42081;48.5;62.5;61.5;43.5;51.5;48.5
42082;48.5;61.5;60.5;43.5;50.5;48.5
42083;49;62;62;45;51;49
42084;;;;;;
42085;;;;;;
42086;50.5;64.5;63.5;47;53.5;51.5
42087;51.5;65.5;69.5;51.5;54.5;52.5
42088;50;64;66;50;53;51
42089;47;60;66;50;51;51
42090;50;64;65;49;53;51
42091;;;;;;
42092;;;;;;
42093;50.5;64.5;65.5;49.5;53.5;51.5
42094;50;64;65.5;46.5;50.5;51
42095;50.5;64.5;65.5;49.5;53.5;51.5
42096;50.5;64.5;66.5;50.5;53.5;51.5
42097;;;;;;
42098;;;;;;
42099;;;;;;
42100;;;;;;
42101;46;57;66;47;48;46
42102;47;58;61.5;45;49;47
42103;47;58;66.5;50.5;49;47
42104;47;47.5;65.5;49.5;48.5;39.5
42105;;;;;;
42106;;;;;;
42107;49.5;61.5;65.5;49.5;50.5;49.5
42108;50.5;62.5;66.5;50.5;51.5;50.5
42109;50.5;62.5;66.5;50.5;51.5;50.5
42110;51.5;63.5;67.5;51.5;52.5;51.5
42111;54;66;72.5;52.5;55;54
42112;;;;;;
42113;;;;;;
42114;54.5;66.5;71.5;55.5;55.5;54.5
42115;54.5;66.5;71.5;56.5;55.5;54.5
42116;52;64;69.5;54.5;53;52
42117;51;63;67;53;52;51
42118;51;63;69;53;52;51
42119;;;;;;
42120;;;;;;
42121;50;62;68;52;51;50
42122;50.5;62.5;68.5;52.5;51.5;50.5
42123;50;62;68;54;51;50
42124;50;48.5;66.5;50.5;51.5;41.5
42125;50;62;69;54;51;50
42126;;;;;;
42127;;;;;;
42128;;;;;;
42129;50;59;67.5;53;53;52
42130;53.5;65.5;73.5;59.5;55.5;53.5
42131;54;67;74.5;61.5;58;55
42132;53;65;66.5;55.5;56;54
42133;;;;;;
42134;;;;;;
42135;54.5;66.5;73.5;60.5;57.5;55.5
42136;54.5;66.5;74.5;57.5;57.5;55.5
42137;54.5;65.5;72.5;60.5;56.5;54.5
42138;54;65;72;60;56;54
42139;54;65;71;59;56;54
42140;;;;;;
42141;;;;;;
42142;55;66;72;60;57;55
42143;54;65;75.5;58.5;56;54
42144;54.5;65.5;70.5;58.5;56.5;54.5
42145;54.5;65.5;72.5;58.5;56.5;54.5
42146;55.5;66.5;73.5;59.5;57.5;55.5
42147;;;;;;
42148;;;;;;
42149;;;;;;
42150;56.5;67.5;73.5;61.5;58.5;56.5
42151;56;53.5;72.5;60.5;51.5;47.5
42152;55.5;66.5;73.5;61.5;57.5;55.5
42153;56.5;67.5;74.5;62.5;58.5;56.5
42154;;;;;;
42155;;;;;;
42156;56.5;67.5;75.5;63.5;58.5;56.5
42157;55;66;74;62;57;55
42158;55.5;66.5;74.5;62.5;57.5;55.5
42159;56.5;67.5;75.5;63.5;58.5;56.5
42160;58.5;69.5;77.5;65.5;60.5;58.5
42161;;;;;;
42162;;;;;;
42163;57.5;68.5;80.5;62.5;59.5;57.5
42164;58.5;69.5;77.5;65.5;60.5;58.5
42165;56;52.5;76;58;51.5;45.5
42166;56;67;76;60;58;56
42167;57;68;64.5;61;59;57
42168;;;;;;
42169;;;;;;
42170;58.5;69.5;80.5;63.5;60.5;58.5
42171;60;71;85;68;62;60
42172;61;72;84;67;63;61
42173;63;74;86;68;65;63
42174;62;72;84.5;69.5;64;61
42175;;;;;;
42176;;;;;;
42177;61;71;80;64;63;60
42178;60;70;72.5;63;62;59
42179;61.5;71.5;79.5;64.5;63.5;60.5
42180;61;71;79;64;63;60
42181;59;66;77;62;62;59
42182;;;;;;
42183;;;;;;
42184;65.5;72.5;85.5;70.5;65.5;64.5
42185;60.5;62;88.5;72.5;62.5;56
42186;65;72;88;74;65;64
42187;64;70;86.5;72.5;64;63
42188;65;72;93.5;73.5;65;64
42189;;;;;;
42190;;;;;;
42191;67;74;97.5;77.5;67;66
42192;68;75;97.5;77.5;68;67
42193;68;75;95;80;68;67
42194;76;68;92.5;76.5;67;60
42195;62;68;85;69;62;61
42196;;;;;;
42197;;;;;;
42198;60.5;66.5;84.5;69.5;60.5;59.5
42199;60.5;66.5;85.5;70.5;63;59.5
42200;60.5;66.5;80;65;60.5;59.5
42201;58;63;78;65;57;56
42202;57;60;75;61;55;55
42203;;;;;;
42204;;;;;;
42205;57;57;72;58;58;52
42206;58;61;72;57;55;55
42207;58;61;74;59;55;55
42208;58;61;74;59;55;55
42209;62.5;62;73.5;57.5;60;55
42210;;;;;;
42211;;;;;;
42212;64;64;75;59;56;56
42213;63.5;61;76;60;60;55
42214;64;64;74;58;56;56
42215;64;64;75;59;56;56
42216;63.5;61;75.5;58.5;60;55
42217;;;;;;
42218;;;;;;
42219;64;64;75;59;56;56
42220;64;64;77;59;56;56
42221;62;62;74;58;54;54
42222;62;62;74;58;54;54
42223;62;62;74;58;54;54
42224;;;;;;
42225;;;;;;
42226;62.5;62.5;77;59;54.5;54.5
42227;63;63;75;59;55;55
42228;64;64;80;62;56;56
42229;63.5;63.5;78;60;55.5;55.5
42230;62;62;74;58;54;54
42231;;;;;;
42232;;;;;;
42233;61.5;61.5;73.5;57.5;53.5;53.5
42234;61.5;61.5;73.5;57.5;53.5;53.5
42235;69.5;68;78.5;60.5;65;59
42236;62.5;62.5;74.5;58.5;54.5;54.5
42237;62.5;62.5;83;66;54.5;54.5
42238;;;;;;
42239;;;;;;
42240;66.5;66.5;79.5;62.5;58.5;58.5
42241;64.5;64.5;78.5;64.5;56.5;56.5
42242;64.5;64.5;76;58;56.5;56.5
42243;60.5;61.5;72.5;58.5;53.5;53.5
42244;61.5;62.5;73;60;54.5;54.5
42245;;;;;;
42246;;;;;;
42247;;;;;;
42248;63.5;64.5;78.5;64.5;56.5;56.5
42249;63;64;78.5;64.5;56;56
42250;62.5;63.5;75.5;59.5;55.5;55.5
42251;63.5;64.5;80.5;62.5;56.5;56.5
42252;;;;;;
42253;;;;;;
42254;63.5;64.5;79;63;56.5;56.5
42255;62.5;63.5;79;63;55.5;55.5
42256;60.5;61.5;74.5;60.5;53.5;47
42257;61.5;62.5;77;60;54.5;54.5
42258;62.5;63.5;78;62;55.5;55.5
42259;;;;;;
42260;;;;;;
42261;62.5;63.5;76.5;62.5;55.5;55.5
42262;63;64;77;59;56;56
42263;61.5;62.5;75;59.5;54.5;54.5
42264;70;67;76;60;63.5;58
42265;61.5;61.5;74.5;59.5;54.5;54.5
42266;;;;;;
42267;;;;;;
42268;62.5;62.5;76.5;60.5;55.5;55.5
42269;62.5;62.5;81.5;65.5;55.5;56.5
42270;62.5;62.5;75.5;60.5;55.5;55.5
42271;63.5;66.5;77.5;62.5;64.5;64.5
42272;62.5;65.5;82.5;66.5;63.5;63.5
42273;;;;;;
42274;;;;;;
42275;63.5;66;85.5;69.5;64;64
42276;65;68;86.5;70.5;66;66
42277;74;76;80;65;76;76
42278;73.5;75.5;84.5;68.5;75.5;75.5
42279;74;76;85.5;69.5;76;76
42280;;;;;;
42281;;;;;;
42282;72;74;75;65;74;74
42283;68;72;71.5;59;72;72
42284;65;69;70;60;69;69
42285;65;69;71;59;69;69
42286;62;66;67;56;66;66
42287;;;;;;
42288;;;;;;
42289;62;66;68.5;55.5;66;66
42290;63;67;69.5;56.5;67;67
42291;62;66;67;56;66;66
42292;62;66;68.5;55.5;66;66
42293;62;66;68;56;66;66
42294;;;;;;
42295;;;;;;
42296;60;64;65;54;64;64
42297;62;64;63.5;49.5;60.5;56
42298;59;63;64;52;63;63
42299;57;61;60.5;48;61;61
42300;53;57;58;47;57;57
42301;;;;;;
42302;;;;;;
42303;53;57;58;47;57;57
42304;54;60;59;48;58;58
42305;54;60;59;48;58;58
42306;54;60;59;48;58;58
42307;54;60;59;48;58;58
42308;;;;;;
42309;;;;;;
42310;54;60;59;48;58;58
42311;53.5;59.5;58.5;47.5;57.5;57.5
42312;55;60.5;59.5;48;57.5;53.5
42313;52.5;55.5;59.5;48;54.5;53.5
42314;53.5;59.5;60.5;47.5;57.5;57.5
42315;;;;;;
42316;;;;;;
42317;53.5;59.5;60;49;57.5;57.5
42318;54.5;60.5;61.5;48.5;58.5;58.5
42319;54.5;60.5;61.5;48.5;58.5;58.5
42320;55;61.5;60.5;49.5;57.5;54.5
42321;57.5;63.5;64.5;51.5;61.5;61.5
42322;;;;;;
42323;;;;;;
42324;57.5;63.5;64.5;51.5;61.5;61.5
42325;58;61.5;61.5;49.5;60.5;60.5
42326;57;59.5;59.5;51;57.5;57.5
42327;56;79;59.5;46;57.5;57.5
42328;58;79;59.5;46;57.5;57.5
42329;;;;;;
42330;;;;;;
42331;53.5;59.5;59.5;47.5;57.5;57.5
42332;58;80;60.5;50;58.5;74
42333;59;59.5;62;46;55.5;53.5
42334;52.5;58.5;58.5;46.5;56.5;56.5
42335;52.5;58.5;58.5;46.5;56.5;56.5
42336;;;;;;
42337;;;;;;
42338;52.5;58.5;58.5;46;56.5;74
42339;52.5;58.5;58.5;46.5;56.5;56.5
42340;52.5;58.5;57.5;46;66;74
42341;54;59;58.5;44;54.5;73
42342;52.5;58.5;54.5;48.5;56.5;56.5
42343;;;;;;
42344;;;;;;
42345;51.5;57.5;59;44;55.5;55.5
42346;52.5;57.5;57.5;46.5;55.5;55.5
42347;52.5;57.5;57.5;46.5;55.5;55.5
42348;52.5;57.5;59;45;55.5;55.5
42349;56.5;60.5;62.5;47.5;58.5;58.5
42350;;;;;;
42351;;;;;;
42352;56.5;60.5;64;49;58.5;58.5
42353;54.5;58.5;64;48;56.5;56.5
42354;61;58.5;60.5;47.5;56.5;54.5
42355;54.5;58.5;60.5;45.5;56.5;56.5
42356;54.5;58.5;62;50;56.5;56.5
42357;;;;;;
42358;;;;;;
42359;54.5;58.5;61;48;63;56.5
42360;54.5;58.5;60.5;45.5;56.5;56.5
42361;54.5;58.5;60.5;45.5;56.5;56.5
42362;54.5;58.5;60.5;45.5;56.5;56.5
42363;;;;;;
42364;;;;;;
42365;;;;;;
42366;;;;;;
42367;55;59;59;47;57;58
42368;54.5;58.5;60.5;45.5;56.5;56.5
42369;54.5;58.5;60.5;45.5;56.5;56.5
42370;;;;;;
42371;;;;;;
42372;;;;;;
42373;65;60.5;62.5;52;57.5;55.5
42374;63;58.5;59.5;49.5;56.5;54.5
42375;61.5;58.5;63.5;50.5;57;56.5
42376;63.5;59.5;67;54;57.5;57.5
42377;63.5;59.5;59.5;53.5;57;76
42378;;;;;;
42379;;;;;;
42380;64.5;60.5;62.5;47.5;58.5;58.5
42381;64.5;60.5;62.5;47.5;58.5;58.5
42382;70;61.5;62.5;51.5;59.5;59.5
42383;66.5;65.5;66;55;64.5;65.5
42384;68.5;67.5;70.5;58.5;66.5;78
42385;;;;;;
42386;;;;;;
42387;71.5;69.5;72.5;55.5;68.5;69.5
42388;73.5;70.5;70;59;70.5;78
42389;75.5;72.5;76.5;64.5;72.5;83
42390;79.5;79.5;75;63;79.5;87
42391;76.5;76.5;71;61;75.5;85
42392;;;;;;
42393;;;;;;
42394;74.5;74.5;73.5;62.5;73.5;85
42395;76.5;76.5;76;65;75.5;85
42396;74.5;74.5;75;64;73.5;72.5
42397;73;73.5;73;61;70.5;73.5
42398;89;72.5;73.5;62.5;70.5;70
42399;;;;;;
42400;;;;;;
42401;75;73.5;76;66.5;75.5;79
42402;92;87.5;74.5;72.5;82.5;87.5
42403;96;86.5;84;78;99.732;80.5
42404;95.5;87.5;83.5;76.5;80.5;92.5
42405;96;87.5;88;88;80.5;80.5
42406;;;;;;
42407;;;;;;
42408;95;87.5;99.5;99.5;80.5;80.5
42409;113;105.5;99.5;101.5;89.5;86.5
42410;87.5;108.5;88.5;82.5;90.5;80.5
42411;107;115.5;103.5;98.5;98.5;100.5
42412;102;100;97.5;83.5;98.5;100.5
42413;;;;;;
42414;;;;;;
42415;102;126;83.5;82.5;98.5;100.5
42416;102;108.5;83.5;77.5;92.5;93.5
42417;100;108.5;81.5;78.5;92.5;99.423
42418;100;96.5;80;73;82.5;83.5
42419;109;100;86;81;95;96
42420;;;;;;
42421;;;;;;
42422;100;96.5;79;78;80.5;112
42423;100;96.5;76.5;64.5;80.5;83.5
42424;103;99.5;87;81.5;83.5;87.5
42425;109;100;88;85;95;96
42426;103;96.5;72.5;72.5;80.5;83.5
42427;;;;;;
42428;;;;;;
42429;103;96.5;82;79.5;80.5;87.5
42430;103;96.5;80;77.5;80.5;87.5
42431;103;89.5;79.5;58.5;74.5;80.5
42432;103;95.5;70.5;58.5;84.5;80.5
42433;103;99.5;73;71.5;85.5;80.5
42434;;;;;;
42435;;;;;;
42436;103;97.5;73;72.5;85.5;80.5
42437;103;99.5;72.5;67.5;85.5;80.5
42438;103;98.5;70.5;57.5;84.5;79.5
42439;102;96.5;62.5;65.5;83.5;78.5
42440;102;90.5;59;65;76.5;74.5
42441;;;;;;
42442;;;;;;
42443;90;86.5;59;58.5;73.5;70.5
42444;90;86.5;59;58.5;73.5;70.5
42445;90;86.5;59.5;54.5;73.5;70.5
42446;90;83.5;59.5;62.5;73.5;70.5
42447;90;96;70;78;73.5;70.5
42448;;;;;;
42449;;;;;;
42450;93;86.5;64;63.5;76.5;74.5
42451;98;86.5;64.5;66.5;76.5;74.5
42452;98;86.5;64.5;66.5;76.5;74.5
42453;98;86.5;64.5;66.5;76.5;74.5
42454;;;;;;
42455;;;;;;
42456;;;;;;
42457;;;;;;
42458;82;80.5;70;68.5;67.5;118
42459;78;80.5;67.5;67.5;75.5;73.5
42460;105;;68;66.5;102;
42461;105;;67;66.5;94;95
42462;;;;;;
42463;;;;;;
42464;89;77.5;60.5;61.5;73.5;71.5
42465;89;77.5;60.5;61.5;73.5;71.5
42466;89;77.5;60.5;61.5;73.5;71.5
42467;89;77.5;60.5;61.5;73.5;71.5
42468;89;77.5;60.5;61.5;73.5;71.5
42469;;;;;;
42470;;;;;;
42471;89;77.5;60.5;61.5;73.5;71.5
42472;86;77.5;67;66.5;73.5;71.5
42473;86;76.5;62.5;61.5;73.5;71.5
42474;86;76.5;62.5;61.5;73.5;71.5
42475;86;76.5;62.5;61.5;73.5;71.5
42476;;;;;;
42477;;;;;;
42478;86;76.5;62.5;61.5;73.5;71.5
42479;86;76.5;62.5;60.5;73.5;71.5
42480;72;72.5;60;57;67.5;68.5
42481;72;72.5;62.5;58.5;67.5;62.5
42482;72;64.5;62.5;56.5;67.5;62.5
42483;;;;;;
42484;;;;;;
42485;72;64.5;55;60;67.5;62.5
42486;72;64.5;62.5;56.5;67.5;62.5
42487;72;64.5;62.5;56.5;67.5;62.5
42488;85;80;61;58;65;80
42489;72;64.5;62.5;56.5;67.5;62.5
42490;;;;;;
42491;;;;;;
42492;72;64.5;62.5;56.5;67.5;62.5
42493;72;64.5;62.5;56.5;67.5;62.5
42494;72;64.5;62.5;56.5;67.5;62.5
42495;72;64.5;62.5;56.5;67.5;62.5
42496;72;64.5;62.5;56.5;67.5;62.5
42497;;;;;;
42498;;;;;;
42499;72;64.5;62.5;56.5;67.5;62.5
42500;72;64.5;62.5;56.5;67.5;62.5
42501;72;64.5;62.5;56.5;67.5;62.5
42502;72;64.5;62.5;56.5;67.5;62.5
42503;72;64.5;62.5;56.5;67.5;62.5
42504;;;;;;
42505;;;;;;
42506;72;64.5;62.5;56.5;67.5;62.5
42507;72;64.5;62.5;56.5;67.5;62.5
42508;72;64.5;62.5;56.5;67.5;62.5
42509;72;64.5;61.5;59.5;67.5;62.5
42510;72;58.5;62.5;56.5;58.5;59.5
42511;;;;;;
42512;;;;;;
42513;72;58.5;62.5;56.5;58.5;59.5
42514;66;58.5;62.5;56.5;57.5;59.5
42515;66;58.5;62.5;56.5;57.5;59.5
42516;87;58.5;62.5;52.5;62;76
42517;87;;64;65;67;82
42518;;;;;;
42519;;;;;;
42520;;;;;;
42521;66;64.5;62.5;63.5;60.5;64.5
42522;66;64.5;66.5;63.5;60.5;64.5
42523;66;65.5;66.5;64.5;61.5;64.5
42524;66;65.5;66.5;64.5;61.5;64.5
42525;;;;;;
42526;;;;;;
42527;66;65.5;66.5;66.5;64.5;65.5
42528;66;63.5;66.5;63.5;64.5;64.5
42529;66.203;63.033;66.329;63.971;64.209;64.671
42530;66;63.5;66.5;63.5;64.5;64.5
42531;68;69.5;66.5;69.5;67.5;70.5
42532;;;;;;
42533;;;;;;
42534;68;69.5;69.5;69.5;67.5;70.5
42535;71;73.5;73.5;73.5;70.5;74.5
42536;71;71.5;73.5;69.5;70.5;71.5
42537;71;74.5;73.5;74.5;70.5;74.5
42538;71;69.5;69.5;73.5;67.5;71.5
42539;;;;;;
42540;;;;;;
42541;71;69.5;69.5;73.5;67.5;71.5
42542;71;69.5;69.5;72.5;67.5;69.5
42543;71;69.5;69.5;72.5;67.5;69.5
42544;71;69.5;69.5;72.5;67.5;69.5
42545;96;94;101;87;89;98
42546;;;;;;
42547;;;;;;
42548;92.181;75.815;84.294;80.683;76.44;93
42549;92;76;82;81;76;76
42550;92.181;75.815;78.812;80.683;76.44;76.038
42551;92;76;79;81;76;76
42552;85;72;73;75;70;70
42553;;;;;;
42554;;;;;;
42555;85;72;73;75;70;70
42556;85;72;73;75;70;70
42557;85;72;73;75;70;70
42558;85;72;73;75;70;70
42559;81;72;73;75;70;70
42560;;;;;;
42561;;;;;;
42562;81;72;73;75;70;70
42563;75;69;70;72;67;70
42564;75;69;70;72;67;70
42565;70;67;67;59;67.5;61
42566;73;67;68;66;67;67
42567;;;;;;
42568;;;;;;
42569;73;67;68;66;67;67
42570;73;67;68;66;67;67
42571;73;67;68;66;67;67
42572;69.834;63.685;64.802;59.765;64.209;63.365
42573;70;64;65;60;64;63
42574;;;;;;
42575;;;;;;
42576;70;64;65;60;64;63
42577;70;64;65;60;64;63
42578;70;64;65;60;64;63
42579;90;64;65;60;64;63
42580;70;64;65;60;64;63
42581;;;;;;
42582;;;;;;
42583;70;64;65;60;64;63
42584;70;64;65;60;64;63
42585;70;64;65;60;64;63
42586;70;64;65;60;64;63
42587;70;64;65;60;64;63
42588;;;;;;
42589;;;;;;
42590;67;59;60;60;63.5;61
42591;70;61;58;57;61;60
42592;70;61;58;57;61;60
42593;70;61;58;57;61;60
42594;62;60;60;55;58;62
42595;;;;;;
42596;;;;;;
42597;70;66;62;60;58;62
42598;70;61;58;57;61;60
42599;70;61;58;57;61;60
42600;70;61;58;57;61;60
42601;70;61;58;57;61;60
42602;;;;;;
42603;;;;;;
42604;70;61;59;57;61;60
42605;70;61;59;57;61;60
42606;69;59;58;56;59;59
42607;69;54.5;58;56;59;59
42608;69;59;58;56;59;59
42609;;;;;;
42610;;;;;;
42611;69;59;58;56;59;59
42612;69;59;58;56;59;59
42613;69;59;58;56;59;59
42614;69;59;58;56;59;59
42615;69;61;58;56;59;59
42616;;;;;;
42617;;;;;;
42618;69;61;56;60;59;59
42619;69;61;58;56;59;59
42620;69;61;58;56;59;59
42621;69;61;58;56;59;59
42622;69;61;58;56;59;59
42623;;;;;;
42624;;;;;;
42625;69;61;59;59;59;59
42626;69;61;60;56;59;59
42627;69;61;60;56;59;59
42628;69;61;60;56;59;59
42629;69;61;60;56;59;59
42630;;;;;;
42631;;;;;;
42632;69;61;60;56;59;59
42633;72;61;60;56;59;59
42634;72;61;60;56;59;59
42635;72;61;60;56;59;59
42636;72;61;60;56;59;59
42637;;;;;;
42638;;;;;;
42639;81;60.652;80;72;59.317;58.929
42640;72;62;61;56;60;60
42641;72;67;61;56;60;60
42642;71;67;66.5;65;60;60
42643;74;71;64.5;67;64;57.5
42644;;;;;;
42645;;;;;;
42646;72;68;59;57;61;60
42647;71;67;59;56;60;60
42648;71;67;64.5;56;60;60
42649;69;67;64;56;59;58
42650;69;67;64.5;56;59;58
42651;;;;;;
42652;;;;;;
42653;69;67;64.5;56;59;58
42654;100.55;67;58;56;59;58
42655;69;67;58;56;59;58
42656;69;67;58;56;59;58
42657;69;67;58;56;59;58
42658;;;;;;
42659;;;;;;
42660;69;67;58;56;59;58
42661;69;67;64.5;56;59;58
42662;69;66;64;53;59;56
42663;69;66;55;53;59;56
42664;69;66;64.5;57;59;56
42665;;;;;;
42666;;;;;;
42667;69;65;54;52;59;56
42668;69;65;54;52;59;56
42669;69;65;54;52;59;56
42670;69;65;54;52;59;56
42671;69;65;54;52;59;56
42672;;;;;;
42673;;;;;;
42674;69;65;62.5;58;61;56
42675;69;65;62;58;61;56
42676;69;65;64;58;61;56
42677;69;65;62.5;61;64;56
42678;69;65;63;61;64;56
42679;;;;;;
42680;;;;;;
42681;69;65;63;61;64;56
42682;69;65;62.5;61;64;56
42683;69;67;63;64;67;59
42684;70;67;63;64;67;59
42685;70;67;63;64;67;59
42686;;;;;;
42687;;;;;;
42688;70;67;60;60;67;59
42689;70;67;63;64;67;59
42690;70;67;63;64;67;59
42691;70;67;63;64;67;59
42692;70;71;63;65;63;66
42693;;;;;;
42694;;;;;;
42695;72;68;64;65;68;60
42696;72;68;63.5;65;68;60
42697;72;68;64;65;68;60
42698;72;68;64;65;68;60
42699;72;68;64;65;68;60
42700;;;;;;
42701;;;;;;
42702;70;71;63;65;63;66
42703;72;68;64;65;68;60
42704;72;68;63.5;65;68;60
42705;70;71;63;65;63;66
42706;72;68;63;65;68;60
